date,county,ncase
16/03/2020,Laois,0
16/03/2020,Leitrim,0
16/03/2020,Monaghan,0
16/03/2020,Carlow,< = 5
16/03/2020,Cavan,< = 5
16/03/2020,Clare,< = 5
16/03/2020,Donegal,< = 5
16/03/2020,Kildare,< = 5
16/03/2020,Kilkenny,< = 5
16/03/2020,Longford,< = 5
16/03/2020,Louth,< = 5
16/03/2020,Mayo,< = 5
16/03/2020,Meath,< = 5
16/03/2020,Offaly,< = 5
16/03/2020,Roscommon,< = 5
16/03/2020,Sligo,< = 5
16/03/2020,Tipperary,< = 5
16/03/2020,Wexford,< = 5
16/03/2020,Kerry,6
16/03/2020,Waterford,7
16/03/2020,Westmeath,7
16/03/2020,Wicklow,9
16/03/2020,Galway,12
16/03/2020,Limerick,14
16/03/2020,Cork,48
16/03/2020,Dublin,129
17/03/2020,Laois,< = 5
17/03/2020,Leitrim,< = 5
17/03/2020,Monaghan,0
17/03/2020,Carlow,< = 5
17/03/2020,Cavan,< = 5
17/03/2020,Clare,< = 5
17/03/2020,Donegal,< = 5
17/03/2020,Kildare,6
17/03/2020,Kilkenny,< = 5
17/03/2020,Longford,< = 5
17/03/2020,Louth,6
17/03/2020,Mayo,< = 5
17/03/2020,Meath,6
17/03/2020,Offaly,< = 5
17/03/2020,Roscommon,< = 5
17/03/2020,Sligo,< = 5
17/03/2020,Tipperary,< = 5
17/03/2020,Wexford,< = 5
17/03/2020,Kerry,6
17/03/2020,Waterford,7
17/03/2020,Westmeath,7
17/03/2020,Wicklow,13
17/03/2020,Galway,13
17/03/2020,Limerick,14
17/03/2020,Cork,62
17/03/2020,Dublin,172
18/03/2020,Laois,< = 5
18/03/2020,Leitrim,< = 5
18/03/2020,Monaghan,0
18/03/2020,Carlow,< = 5
18/03/2020,Cavan,< = 5
18/03/2020,Clare,7
18/03/2020,Donegal,< = 5
18/03/2020,Kildare,9
18/03/2020,Kilkenny,7
18/03/2020,Longford,< = 5
18/03/2020,Louth,8
18/03/2020,Mayo,< = 5
18/03/2020,Meath,11
18/03/2020,Offaly,< = 5
18/03/2020,Roscommon,< = 5
18/03/2020,Sligo,< = 5
18/03/2020,Tipperary,< = 5
18/03/2020,Wexford,< = 5
18/03/2020,Kerry,7
18/03/2020,Waterford,7
18/03/2020,Westmeath,12
18/03/2020,Wicklow,15
18/03/2020,Galway,14
18/03/2020,Limerick,15
18/03/2020,Cork,66
18/03/2020,Dublin,225
19/03/2020,Laois,< = 5
19/03/2020,Leitrim,< = 5
19/03/2020,Monaghan,0
19/03/2020,Carlow,< = 5
19/03/2020,Cavan,< = 5
19/03/2020,Clare,7
19/03/2020,Donegal,< = 5
19/03/2020,Kildare,18
19/03/2020,Kilkenny,11
19/03/2020,Longford,< = 5
19/03/2020,Louth,9
19/03/2020,Mayo,< = 5
19/03/2020,Meath,11
19/03/2020,Offaly,7
19/03/2020,Roscommon,< = 5
19/03/2020,Sligo,< = 5
19/03/2020,Tipperary,< = 5
19/03/2020,Wexford,< = 5
19/03/2020,Kerry,8
19/03/2020,Waterford,8
19/03/2020,Westmeath,14
19/03/2020,Wicklow,17
19/03/2020,Galway,21
19/03/2020,Limerick,15
19/03/2020,Cork,88
19/03/2020,Dublin,320
20/03/2020,Laois,< = 5
20/03/2020,Leitrim,< = 5
20/03/2020,Monaghan,< = 5
20/03/2020,Carlow,< = 5
20/03/2020,Cavan,< = 5
20/03/2020,Clare,7
20/03/2020,Donegal,< = 5
20/03/2020,Kildare,20
20/03/2020,Kilkenny,11
20/03/2020,Longford,< = 5
20/03/2020,Louth,11
20/03/2020,Mayo,< = 5
20/03/2020,Meath,11
20/03/2020,Offaly,9
20/03/2020,Roscommon,< = 5
20/03/2020,Sligo,< = 5
20/03/2020,Tipperary,8
20/03/2020,Wexford,< = 5
20/03/2020,Kerry,9
20/03/2020,Waterford,9
20/03/2020,Westmeath,16
20/03/2020,Wicklow,22
20/03/2020,Galway,25
20/03/2020,Limerick,15
20/03/2020,Cork,101
20/03/2020,Dublin,402
21/03/2020,Laois,6
21/03/2020,Leitrim,< = 5
21/03/2020,Monaghan,< = 5
21/03/2020,Carlow,< = 5
21/03/2020,Cavan,< = 5
21/03/2020,Clare,9
21/03/2020,Donegal,8
21/03/2020,Kildare,23
21/03/2020,Kilkenny,15
21/03/2020,Longford,< = 5
21/03/2020,Louth,13
21/03/2020,Mayo,6
21/03/2020,Meath,13
21/03/2020,Offaly,10
21/03/2020,Roscommon,< = 5
21/03/2020,Sligo,8
21/03/2020,Tipperary,20
21/03/2020,Wexford,< = 5
21/03/2020,Kerry,12
21/03/2020,Waterford,9
21/03/2020,Westmeath,20
21/03/2020,Wicklow,22
21/03/2020,Galway,33
21/03/2020,Limerick,18
21/03/2020,Cork,104
21/03/2020,Dublin,471
22/03/2020,Laois,8
22/03/2020,Leitrim,< = 5
22/03/2020,Monaghan,< = 5
22/03/2020,Carlow,< = 5
22/03/2020,Cavan,< = 5
22/03/2020,Clare,11
22/03/2020,Donegal,11
22/03/2020,Kildare,25
22/03/2020,Kilkenny,16
22/03/2020,Longford,< = 5
22/03/2020,Louth,16
22/03/2020,Mayo,9
22/03/2020,Meath,16
22/03/2020,Offaly,13
22/03/2020,Roscommon,< = 5
22/03/2020,Sligo,8
22/03/2020,Tipperary,20
22/03/2020,Wexford,< = 5
22/03/2020,Kerry,15
22/03/2020,Waterford,13
22/03/2020,Westmeath,21
22/03/2020,Wicklow,28
22/03/2020,Galway,35
22/03/2020,Limerick,19
22/03/2020,Cork,123
22/03/2020,Dublin,535
23/03/2020,Laois,9
23/03/2020,Leitrim,< = 5
23/03/2020,Monaghan,< = 5
23/03/2020,Carlow,< = 5
23/03/2020,Cavan,< = 5
23/03/2020,Clare,12
23/03/2020,Donegal,11
23/03/2020,Kildare,34
23/03/2020,Kilkenny,16
23/03/2020,Longford,< = 5
23/03/2020,Louth,18
23/03/2020,Mayo,9
23/03/2020,Meath,24
23/03/2020,Offaly,13
23/03/2020,Roscommon,< = 5
23/03/2020,Sligo,8
23/03/2020,Tipperary,20
23/03/2020,Wexford,7
23/03/2020,Kerry,33
23/03/2020,Waterford,15
23/03/2020,Westmeath,25
23/03/2020,Wicklow,39
23/03/2020,Galway,40
23/03/2020,Limerick,19
23/03/2020,Cork,133
23/03/2020,Dublin,659
24/03/2020,Laois,9
24/03/2020,Leitrim,< = 5
24/03/2020,Monaghan,< = 5
24/03/2020,Carlow,< = 5
24/03/2020,Cavan,6
24/03/2020,Clare,25
24/03/2020,Donegal,12
24/03/2020,Kildare,39
24/03/2020,Kilkenny,19
24/03/2020,Longford,< = 5
24/03/2020,Louth,20
24/03/2020,Mayo,14
24/03/2020,Meath,27
24/03/2020,Offaly,16
24/03/2020,Roscommon,< = 5
24/03/2020,Sligo,8
24/03/2020,Tipperary,27
24/03/2020,Wexford,8
24/03/2020,Kerry,38
24/03/2020,Waterford,22
24/03/2020,Westmeath,29
24/03/2020,Wicklow,49
24/03/2020,Galway,45
24/03/2020,Limerick,24
24/03/2020,Cork,154
24/03/2020,Dublin,774
25/03/2020,Laois,10
25/03/2020,Leitrim,< = 5
25/03/2020,Monaghan,< = 5
25/03/2020,Carlow,< = 5
25/03/2020,Cavan,9
25/03/2020,Clare,26
25/03/2020,Donegal,15
25/03/2020,Kildare,45
25/03/2020,Kilkenny,20
25/03/2020,Longford,< = 5
25/03/2020,Louth,24
25/03/2020,Mayo,18
25/03/2020,Meath,33
25/03/2020,Offaly,19
25/03/2020,Roscommon,7
25/03/2020,Sligo,8
25/03/2020,Tipperary,34
25/03/2020,Wexford,9
25/03/2020,Kerry,44
25/03/2020,Waterford,25
25/03/2020,Westmeath,39
25/03/2020,Wicklow,52
25/03/2020,Galway,57
25/03/2020,Limerick,36
25/03/2020,Cork,171
25/03/2020,Dublin,922
26/03/2020,Laois,11
26/03/2020,Leitrim,< = 5
26/03/2020,Monaghan,8
26/03/2020,Carlow,< = 5
26/03/2020,Cavan,11
26/03/2020,Clare,31
26/03/2020,Donegal,15
26/03/2020,Kildare,56
26/03/2020,Kilkenny,29
26/03/2020,Longford,< = 5
26/03/2020,Louth,27
26/03/2020,Mayo,21
26/03/2020,Meath,41
26/03/2020,Offaly,22
26/03/2020,Roscommon,8
26/03/2020,Sligo,8
26/03/2020,Tipperary,44
26/03/2020,Wexford,10
26/03/2020,Kerry,47
26/03/2020,Waterford,29
26/03/2020,Westmeath,52
26/03/2020,Wicklow,58
26/03/2020,Galway,63
26/03/2020,Limerick,46
26/03/2020,Cork,184
26/03/2020,Dublin,1070
27/03/2020,Laois,14
27/03/2020,Leitrim,< = 5
27/03/2020,Monaghan,11
27/03/2020,Carlow,< = 5
27/03/2020,Cavan,19
27/03/2020,Clare,34
27/03/2020,Donegal,24
27/03/2020,Kildare,61
27/03/2020,Kilkenny,33
27/03/2020,Longford,10
27/03/2020,Louth,34
27/03/2020,Mayo,26
27/03/2020,Meath,46
27/03/2020,Offaly,29
27/03/2020,Roscommon,10
27/03/2020,Sligo,12
27/03/2020,Tipperary,53
27/03/2020,Wexford,12
27/03/2020,Kerry,53
27/03/2020,Waterford,31
27/03/2020,Westmeath,67
27/03/2020,Wicklow,65
27/03/2020,Galway,68
27/03/2020,Limerick,55
27/03/2020,Cork,208
27/03/2020,Dublin,1233
28/03/2020,Laois,14
28/03/2020,Leitrim,6
28/03/2020,Monaghan,12
28/03/2020,Carlow,< = 5
28/03/2020,Cavan,24
28/03/2020,Clare,34
28/03/2020,Donegal,36
28/03/2020,Kildare,64
28/03/2020,Kilkenny,36
28/03/2020,Longford,10
28/03/2020,Louth,39
28/03/2020,Mayo,28
28/03/2020,Meath,47
28/03/2020,Offaly,34
28/03/2020,Roscommon,10
28/03/2020,Sligo,19
28/03/2020,Tipperary,62
28/03/2020,Wexford,12
28/03/2020,Kerry,60
28/03/2020,Waterford,34
28/03/2020,Westmeath,70
28/03/2020,Wicklow,69
28/03/2020,Galway,77
28/03/2020,Limerick,64
28/03/2020,Cork,217
28/03/2020,Dublin,1393
29/03/2020,Laois,15
29/03/2020,Leitrim,6
29/03/2020,Monaghan,13
29/03/2020,Carlow,< = 5
29/03/2020,Cavan,24
29/03/2020,Clare,40
29/03/2020,Donegal,46
29/03/2020,Kildare,66
29/03/2020,Kilkenny,36
29/03/2020,Longford,10
29/03/2020,Louth,44
29/03/2020,Mayo,36
29/03/2020,Meath,54
29/03/2020,Offaly,34
29/03/2020,Roscommon,10
29/03/2020,Sligo,19
29/03/2020,Tipperary,71
29/03/2020,Wexford,15
29/03/2020,Kerry,66
29/03/2020,Waterford,33
29/03/2020,Westmeath,77
29/03/2020,Wicklow,73
29/03/2020,Galway,86
29/03/2020,Limerick,67
29/03/2020,Cork,238
29/03/2020,Dublin,1487
30/03/2020,Laois,16
30/03/2020,Leitrim,10
30/03/2020,Monaghan,13
30/03/2020,Carlow,< = 5
30/03/2020,Cavan,36
30/03/2020,Clare,45
30/03/2020,Donegal,63
30/03/2020,Kildare,80
30/03/2020,Kilkenny,37
30/03/2020,Longford,12
30/03/2020,Louth,51
30/03/2020,Mayo,48
30/03/2020,Meath,66
30/03/2020,Offaly,40
30/03/2020,Roscommon,10
30/03/2020,Sligo,22
30/03/2020,Tipperary,85
30/03/2020,Wexford,15
30/03/2020,Kerry,68
30/03/2020,Waterford,37
30/03/2020,Westmeath,80
30/03/2020,Wicklow,77
30/03/2020,Galway,88
30/03/2020,Limerick,87
30/03/2020,Cork,255
30/03/2020,Dublin,1645
31/03/2020,Laois,16
31/03/2020,Leitrim,12
31/03/2020,Monaghan,17
31/03/2020,Carlow,< = 5
31/03/2020,Cavan,39
31/03/2020,Clare,49
31/03/2020,Donegal,68
31/03/2020,Kildare,90
31/03/2020,Kilkenny,37
31/03/2020,Longford,14
31/03/2020,Louth,52
31/03/2020,Mayo,52
31/03/2020,Meath,74
31/03/2020,Offaly,46
31/03/2020,Roscommon,10
31/03/2020,Sligo,25
31/03/2020,Tipperary,91
31/03/2020,Wexford,16
31/03/2020,Kerry,72
31/03/2020,Waterford,38
31/03/2020,Westmeath,81
31/03/2020,Wicklow,84
31/03/2020,Galway,91
31/03/2020,Limerick,94
31/03/2020,Cork,272
31/03/2020,Dublin,1838
01/04/2020,Laois,16
01/04/2020,Leitrim,12
01/04/2020,Monaghan,17
01/04/2020,Carlow,< = 5
01/04/2020,Cavan,41
01/04/2020,Clare,50
01/04/2020,Donegal,77
01/04/2020,Kildare,103
01/04/2020,Kilkenny,47
01/04/2020,Longford,16
01/04/2020,Louth,54
01/04/2020,Mayo,55
01/04/2020,Meath,88
01/04/2020,Offaly,47
01/04/2020,Roscommon,13
01/04/2020,Sligo,26
01/04/2020,Tipperary,94
01/04/2020,Wexford,18
01/04/2020,Kerry,79
01/04/2020,Waterford,43
01/04/2020,Westmeath,86
01/04/2020,Wicklow,105
01/04/2020,Galway,98
01/04/2020,Limerick,96
01/04/2020,Cork,292
01/04/2020,Dublin,2077
02/04/2020,Laois,21
02/04/2020,Leitrim,13
02/04/2020,Monaghan,20
02/04/2020,Carlow,6
02/04/2020,Cavan,67
02/04/2020,Clare,54
02/04/2020,Donegal,80
02/04/2020,Kildare,136
02/04/2020,Kilkenny,54
02/04/2020,Longford,17
02/04/2020,Louth,55
02/04/2020,Mayo,63
02/04/2020,Meath,93
02/04/2020,Offaly,63
02/04/2020,Roscommon,13
02/04/2020,Sligo,27
02/04/2020,Tipperary,105
02/04/2020,Wexford,20
02/04/2020,Kerry,84
02/04/2020,Waterford,43
02/04/2020,Westmeath,92
02/04/2020,Wicklow,112
02/04/2020,Galway,105
02/04/2020,Limerick,116
02/04/2020,Cork,304
02/04/2020,Dublin,2251
03/04/2020,Laois,22
03/04/2020,Leitrim,13
03/04/2020,Monaghan,23
03/04/2020,Carlow,12
03/04/2020,Cavan,76
03/04/2020,Clare,54
03/04/2020,Donegal,81
03/04/2020,Kildare,152
03/04/2020,Kilkenny,73
03/04/2020,Longford,17
03/04/2020,Louth,64
03/04/2020,Mayo,78
03/04/2020,Meath,106
03/04/2020,Offaly,64
03/04/2020,Roscommon,15
03/04/2020,Sligo,28
03/04/2020,Tipperary,128
03/04/2020,Wexford,21
03/04/2020,Kerry,85
03/04/2020,Waterford,46
03/04/2020,Westmeath,94
03/04/2020,Wicklow,132
03/04/2020,Galway,108
03/04/2020,Limerick,128
03/04/2020,Cork,343
03/04/2020,Dublin,2490
04/04/2020,Laois,25
04/04/2020,Leitrim,13
04/04/2020,Monaghan,52
04/04/2020,Carlow,12
04/04/2020,Cavan,115
04/04/2020,Clare,60
04/04/2020,Donegal,103
04/04/2020,Kildare,175
04/04/2020,Kilkenny,75
04/04/2020,Longford,21
04/04/2020,Louth,65
04/04/2020,Mayo,107
04/04/2020,Meath,141
04/04/2020,Offaly,66
04/04/2020,Roscommon,18
04/04/2020,Sligo,28
04/04/2020,Tipperary,125
04/04/2020,Wexford,21
04/04/2020,Kerry,89
04/04/2020,Waterford,49
04/04/2020,Westmeath,107
04/04/2020,Wicklow,142
04/04/2020,Galway,112
04/04/2020,Limerick,140
04/04/2020,Cork,362
04/04/2020,Dublin,2692
05/04/2020,Laois,31
05/04/2020,Leitrim,18
05/04/2020,Monaghan,58
05/04/2020,Carlow,12
05/04/2020,Cavan,123
05/04/2020,Clare,65
05/04/2020,Donegal,114
05/04/2020,Kildare,200
05/04/2020,Kilkenny,79
05/04/2020,Longford,25
05/04/2020,Louth,85
05/04/2020,Mayo,126
05/04/2020,Meath,168
05/04/2020,Offaly,73
05/04/2020,Roscommon,22
05/04/2020,Sligo,28
05/04/2020,Tipperary,133
05/04/2020,Wexford,22
05/04/2020,Kerry,117
05/04/2020,Waterford,49
05/04/2020,Westmeath,121
05/04/2020,Wicklow,171
05/04/2020,Galway,128
05/04/2020,Limerick,143
05/04/2020,Cork,421
05/04/2020,Dublin,3061
06/04/2020,Laois,34
06/04/2020,Leitrim,20
06/04/2020,Monaghan,62
06/04/2020,Carlow,15
06/04/2020,Cavan,129
06/04/2020,Clare,66
06/04/2020,Donegal,120
06/04/2020,Kildare,233
06/04/2020,Kilkenny,88
06/04/2020,Longford,35
06/04/2020,Louth,96
06/04/2020,Mayo,130
06/04/2020,Meath,183
06/04/2020,Offaly,77
06/04/2020,Roscommon,22
06/04/2020,Sligo,28
06/04/2020,Tipperary,137
06/04/2020,Wexford,24
06/04/2020,Kerry,122
06/04/2020,Waterford,52
06/04/2020,Westmeath,134
06/04/2020,Wicklow,181
06/04/2020,Galway,134
06/04/2020,Limerick,160
06/04/2020,Cork,431
06/04/2020,Dublin,3268
07/04/2020,Laois,37
07/04/2020,Leitrim,23
07/04/2020,Monaghan,63
07/04/2020,Carlow,16
07/04/2020,Cavan,132
07/04/2020,Clare,68
07/04/2020,Donegal,125
07/04/2020,Kildare,253
07/04/2020,Kilkenny,90
07/04/2020,Longford,36
07/04/2020,Louth,106
07/04/2020,Mayo,134
07/04/2020,Meath,198
07/04/2020,Offaly,81
07/04/2020,Roscommon,22
07/04/2020,Sligo,28
07/04/2020,Tipperary,140
07/04/2020,Wexford,26
07/04/2020,Kerry,125
07/04/2020,Waterford,56
07/04/2020,Westmeath,142
07/04/2020,Wicklow,207
07/04/2020,Galway,134
07/04/2020,Limerick,173
07/04/2020,Cork,472
07/04/2020,Dublin,3557
08/04/2020,Laois,49
08/04/2020,Leitrim,25
08/04/2020,Monaghan,63
08/04/2020,Carlow,19
08/04/2020,Cavan,151
08/04/2020,Clare,69
08/04/2020,Donegal,145
08/04/2020,Kildare,290
08/04/2020,Kilkenny,96
08/04/2020,Longford,41
08/04/2020,Louth,116
08/04/2020,Mayo,153
08/04/2020,Meath,206
08/04/2020,Offaly,88
08/04/2020,Roscommon,26
08/04/2020,Sligo,31
08/04/2020,Tipperary,151
08/04/2020,Wexford,30
08/04/2020,Kerry,145
08/04/2020,Waterford,60
08/04/2020,Westmeath,152
08/04/2020,Wicklow,237
08/04/2020,Galway,160
08/04/2020,Limerick,186
08/04/2020,Cork,503
08/04/2020,Dublin,3873
09/04/2020,Laois,61
09/04/2020,Leitrim,31
09/04/2020,Monaghan,81
09/04/2020,Carlow,22
09/04/2020,Cavan,169
09/04/2020,Clare,85
09/04/2020,Donegal,167
09/04/2020,Kildare,332
09/04/2020,Kilkenny,115
09/04/2020,Longford,45
09/04/2020,Louth,133
09/04/2020,Mayo,168
09/04/2020,Meath,230
09/04/2020,Offaly,104
09/04/2020,Roscommon,27
09/04/2020,Sligo,39
09/04/2020,Tipperary,166
09/04/2020,Wexford,39
09/04/2020,Kerry,155
09/04/2020,Waterford,63
09/04/2020,Westmeath,181
09/04/2020,Wicklow,246
09/04/2020,Galway,169
09/04/2020,Limerick,222
09/04/2020,Cork,581
09/04/2020,Dublin,4156
10/04/2020,Laois,71
10/04/2020,Leitrim,32
10/04/2020,Monaghan,88
10/04/2020,Carlow,32
10/04/2020,Cavan,210
10/04/2020,Clare,88
10/04/2020,Donegal,188
10/04/2020,Kildare,360
10/04/2020,Kilkenny,124
10/04/2020,Longford,49
10/04/2020,Louth,143
10/04/2020,Mayo,183
10/04/2020,Meath,249
10/04/2020,Offaly,119
10/04/2020,Roscommon,31
10/04/2020,Sligo,45
10/04/2020,Tipperary,175
10/04/2020,Wexford,42
10/04/2020,Kerry,170
10/04/2020,Waterford,67
10/04/2020,Westmeath,192
10/04/2020,Wicklow,263
10/04/2020,Galway,178
10/04/2020,Limerick,234
10/04/2020,Cork,648
10/04/2020,Dublin,4514
11/04/2020,Laois,88
11/04/2020,Leitrim,32
11/04/2020,Monaghan,95
11/04/2020,Carlow,38
11/04/2020,Cavan,222
11/04/2020,Clare,98
11/04/2020,Donegal,225
11/04/2020,Kildare,404
11/04/2020,Kilkenny,136
11/04/2020,Longford,56
11/04/2020,Louth,195
11/04/2020,Mayo,194
11/04/2020,Meath,289
11/04/2020,Offaly,133
11/04/2020,Roscommon,39
11/04/2020,Sligo,45
11/04/2020,Tipperary,200
11/04/2020,Wexford,52
11/04/2020,Kerry,200
11/04/2020,Waterford,73
11/04/2020,Westmeath,213
11/04/2020,Wicklow,272
11/04/2020,Galway,197
11/04/2020,Limerick,252
11/04/2020,Cork,730
11/04/2020,Dublin,5006
12/04/2020,Laois,101
12/04/2020,Leitrim,36
12/04/2020,Monaghan,123
12/04/2020,Carlow,44
12/04/2020,Cavan,245
12/04/2020,Clare,106
12/04/2020,Donegal,264
12/04/2020,Kildare,443
12/04/2020,Kilkenny,144
12/04/2020,Longford,58
12/04/2020,Louth,208
12/04/2020,Mayo,198
12/04/2020,Meath,342
12/04/2020,Offaly,144
12/04/2020,Roscommon,48
12/04/2020,Sligo,52
12/04/2020,Tipperary,219
12/04/2020,Wexford,56
12/04/2020,Kerry,219
12/04/2020,Waterford,81
12/04/2020,Westmeath,234
12/04/2020,Wicklow,317
12/04/2020,Galway,220
12/04/2020,Limerick,265
12/04/2020,Cork,780
12/04/2020,Dublin,5438
13/04/2020,Laois,118
13/04/2020,Leitrim,40
13/04/2020,Monaghan,147
13/04/2020,Carlow,53
13/04/2020,Cavan,254
13/04/2020,Clare,113
13/04/2020,Donegal,296
13/04/2020,Kildare,509
13/04/2020,Kilkenny,164
13/04/2020,Longford,69
13/04/2020,Louth,236
13/04/2020,Mayo,216
13/04/2020,Meath,369
13/04/2020,Offaly,150
13/04/2020,Roscommon,50
13/04/2020,Sligo,62
13/04/2020,Tipperary,237
13/04/2020,Wexford,61
13/04/2020,Kerry,226
13/04/2020,Waterford,90
13/04/2020,Westmeath,258
13/04/2020,Wicklow,342
13/04/2020,Galway,237
13/04/2020,Limerick,285
13/04/2020,Cork,829
13/04/2020,Dublin,5850
14/04/2020,Laois,133
14/04/2020,Leitrim,43
14/04/2020,Monaghan,161
14/04/2020,Carlow,59
14/04/2020,Cavan,310
14/04/2020,Clare,119
14/04/2020,Donegal,320
14/04/2020,Kildare,567
14/04/2020,Kilkenny,173
14/04/2020,Longford,77
14/04/2020,Louth,350
14/04/2020,Mayo,249
14/04/2020,Meath,405
14/04/2020,Offaly,163
14/04/2020,Roscommon,57
14/04/2020,Sligo,66
14/04/2020,Tipperary,251
14/04/2020,Wexford,71
14/04/2020,Kerry,246
14/04/2020,Waterford,101
14/04/2020,Westmeath,309
14/04/2020,Wicklow,375
14/04/2020,Galway,260
14/04/2020,Limerick,307
14/04/2020,Cork,916
14/04/2020,Dublin,6337
15/04/2020,Laois,139
15/04/2020,Leitrim,46
15/04/2020,Monaghan,166
15/04/2020,Carlow,59
15/04/2020,Cavan,345
15/04/2020,Clare,136
15/04/2020,Donegal,352
15/04/2020,Kildare,621
15/04/2020,Kilkenny,179
15/04/2020,Longford,79
15/04/2020,Louth,384
15/04/2020,Mayo,259
15/04/2020,Meath,421
15/04/2020,Offaly,171
15/04/2020,Roscommon,61
15/04/2020,Sligo,69
15/04/2020,Tipperary,270
15/04/2020,Wexford,76
15/04/2020,Kerry,254
15/04/2020,Waterford,102
15/04/2020,Westmeath,318
15/04/2020,Wicklow,384
15/04/2020,Galway,266
15/04/2020,Limerick,343
15/04/2020,Cork,945
15/04/2020,Dublin,6567
16/04/2020,Laois,147
16/04/2020,Leitrim,46
16/04/2020,Monaghan,170
16/04/2020,Carlow,69
16/04/2020,Cavan,353
16/04/2020,Clare,151
16/04/2020,Donegal,369
16/04/2020,Kildare,684
16/04/2020,Kilkenny,188
16/04/2020,Longford,83
16/04/2020,Louth,406
16/04/2020,Mayo,273
16/04/2020,Meath,461
16/04/2020,Offaly,177
16/04/2020,Roscommon,74
16/04/2020,Sligo,70
16/04/2020,Tipperary,283
16/04/2020,Wexford,85
16/04/2020,Kerry,256
16/04/2020,Waterford,110
16/04/2020,Westmeath,332
16/04/2020,Wicklow,391
16/04/2020,Galway,273
16/04/2020,Limerick,382
16/04/2020,Cork,979
16/04/2020,Dublin,6934
17/04/2020,Laois,168
17/04/2020,Leitrim,47
17/04/2020,Monaghan,174
17/04/2020,Carlow,71
17/04/2020,Cavan,386
17/04/2020,Clare,153
17/04/2020,Donegal,376
17/04/2020,Kildare,763
17/04/2020,Kilkenny,197
17/04/2020,Longford,88
17/04/2020,Louth,405
17/04/2020,Mayo,312
17/04/2020,Meath,500
17/04/2020,Offaly,187
17/04/2020,Roscommon,76
17/04/2020,Sligo,76
17/04/2020,Tipperary,292
17/04/2020,Wexford,98
17/04/2020,Kerry,262
17/04/2020,Waterford,112
17/04/2020,Westmeath,358
17/04/2020,Wicklow,427
17/04/2020,Galway,283
17/04/2020,Limerick,384
17/04/2020,Cork,1028
17/04/2020,Dublin,7379
18/04/2020,Laois,170
18/04/2020,Leitrim,49
18/04/2020,Monaghan,187
18/04/2020,Carlow,78
18/04/2020,Cavan,401
18/04/2020,Clare,160
18/04/2020,Donegal,383
18/04/2020,Kildare,817
18/04/2020,Kilkenny,206
18/04/2020,Longford,91
18/04/2020,Louth,437
18/04/2020,Mayo,332
18/04/2020,Meath,513
18/04/2020,Offaly,190
18/04/2020,Roscommon,91
18/04/2020,Sligo,78
18/04/2020,Tipperary,300
18/04/2020,Wexford,100
18/04/2020,Kerry,268
18/04/2020,Waterford,113
18/04/2020,Westmeath,369
18/04/2020,Wicklow,444
18/04/2020,Galway,294
18/04/2020,Limerick,401
18/04/2020,Cork,1047
18/04/2020,Dublin,7666
19/04/2020,Laois,177
19/04/2020,Leitrim,54
19/04/2020,Monaghan,199
19/04/2020,Carlow,79
19/04/2020,Cavan,403
19/04/2020,Clare,164
19/04/2020,Donegal,392
19/04/2020,Kildare,822
19/04/2020,Kilkenny,210
19/04/2020,Longford,94
19/04/2020,Louth,469
19/04/2020,Mayo,335
19/04/2020,Meath,522
19/04/2020,Offaly,195
19/04/2020,Roscommon,91
19/04/2020,Sligo,93
19/04/2020,Tipperary,306
19/04/2020,Wexford,114
19/04/2020,Kerry,268
19/04/2020,Waterford,117
19/04/2020,Westmeath,377
19/04/2020,Wicklow,446
19/04/2020,Galway,294
19/04/2020,Limerick,409
19/04/2020,Cork,1053
19/04/2020,Dublin,7781
20/04/2020,Laois,177
20/04/2020,Leitrim,55
20/04/2020,Monaghan,220
20/04/2020,Carlow,80
20/04/2020,Cavan,430
20/04/2020,Clare,165
20/04/2020,Donegal,416
20/04/2020,Kildare,851
20/04/2020,Kilkenny,216
20/04/2020,Longford,101
20/04/2020,Louth,489
20/04/2020,Mayo,339
20/04/2020,Meath,539
20/04/2020,Offaly,198
20/04/2020,Roscommon,91
20/04/2020,Sligo,97
20/04/2020,Tipperary,320
20/04/2020,Wexford,137
20/04/2020,Kerry,268
20/04/2020,Waterford,119
20/04/2020,Westmeath,386
20/04/2020,Wicklow,463
20/04/2020,Galway,309
20/04/2020,Limerick,415
20/04/2020,Cork,1077
20/04/2020,Dublin,7905
21/04/2020,Laois,192
21/04/2020,Leitrim,56
21/04/2020,Monaghan,249
21/04/2020,Carlow,84
21/04/2020,Cavan,466
21/04/2020,Clare,187
21/04/2020,Donegal,431
21/04/2020,Kildare,875
21/04/2020,Kilkenny,222
21/04/2020,Longford,102
21/04/2020,Louth,506
21/04/2020,Mayo,365
21/04/2020,Meath,550
21/04/2020,Offaly,205
21/04/2020,Roscommon,92
21/04/2020,Sligo,98
21/04/2020,Tipperary,327
21/04/2020,Wexford,137
21/04/2020,Kerry,271
21/04/2020,Waterford,122
21/04/2020,Westmeath,395
21/04/2020,Wicklow,469
21/04/2020,Galway,315
21/04/2020,Limerick,420
21/04/2020,Cork,1087
21/04/2020,Dublin,8216
22/04/2020,Laois,202
22/04/2020,Leitrim,62
22/04/2020,Monaghan,318
22/04/2020,Carlow,86
22/04/2020,Cavan,506
22/04/2020,Clare,206
22/04/2020,Donegal,440
22/04/2020,Kildare,954
22/04/2020,Kilkenny,227
22/04/2020,Longford,102
22/04/2020,Louth,536
22/04/2020,Mayo,391
22/04/2020,Meath,568
22/04/2020,Offaly,217
22/04/2020,Roscommon,111
22/04/2020,Sligo,105
22/04/2020,Tipperary,343
22/04/2020,Wexford,143
22/04/2020,Kerry,271
22/04/2020,Waterford,122
22/04/2020,Westmeath,409
22/04/2020,Wicklow,506
22/04/2020,Galway,331
22/04/2020,Limerick,439
22/04/2020,Cork,1096
22/04/2020,Dublin,8729
23/04/2020,Laois,204
23/04/2020,Leitrim,62
23/04/2020,Monaghan,327
23/04/2020,Carlow,88
23/04/2020,Cavan,536
23/04/2020,Clare,207
23/04/2020,Donegal,437
23/04/2020,Kildare,1003
23/04/2020,Kilkenny,229
23/04/2020,Longford,113
23/04/2020,Louth,590
23/04/2020,Mayo,395
23/04/2020,Meath,578
23/04/2020,Offaly,222
23/04/2020,Roscommon,114
23/04/2020,Sligo,104
23/04/2020,Tipperary,345
23/04/2020,Wexford,151
23/04/2020,Kerry,276
23/04/2020,Waterford,129
23/04/2020,Westmeath,421
23/04/2020,Wicklow,558
23/04/2020,Galway,332
23/04/2020,Limerick,441
23/04/2020,Cork,1103
23/04/2020,Dublin,9010
24/04/2020,Laois,205
24/04/2020,Leitrim,64
24/04/2020,Monaghan,350
24/04/2020,Carlow,91
24/04/2020,Cavan,574
24/04/2020,Clare,209
24/04/2020,Donegal,446
24/04/2020,Kildare,1028
24/04/2020,Kilkenny,230
24/04/2020,Longford,124
24/04/2020,Louth,597
24/04/2020,Mayo,435
24/04/2020,Meath,613
24/04/2020,Offaly,225
24/04/2020,Roscommon,116
24/04/2020,Sligo,104
24/04/2020,Tipperary,346
24/04/2020,Wexford,156
24/04/2020,Kerry,277
24/04/2020,Waterford,135
24/04/2020,Westmeath,437
24/04/2020,Wicklow,568
24/04/2020,Galway,332
24/04/2020,Limerick,442
24/04/2020,Cork,1110
24/04/2020,Dublin,9224
25/04/2020,Laois,205
25/04/2020,Leitrim,66
25/04/2020,Monaghan,373
25/04/2020,Carlow,92
25/04/2020,Cavan,609
25/04/2020,Clare,212
25/04/2020,Donegal,452
25/04/2020,Kildare,1127
25/04/2020,Kilkenny,233
25/04/2020,Longford,129
25/04/2020,Louth,627
25/04/2020,Mayo,464
25/04/2020,Meath,626
25/04/2020,Offaly,228
25/04/2020,Roscommon,135
25/04/2020,Sligo,114
25/04/2020,Tipperary,364
25/04/2020,Wexford,162
25/04/2020,Kerry,288
25/04/2020,Waterford,137
25/04/2020,Westmeath,446
25/04/2020,Wicklow,557
25/04/2020,Galway,335
25/04/2020,Limerick,457
25/04/2020,Cork,1125
25/04/2020,Dublin,9532
26/04/2020,Laois,212
26/04/2020,Leitrim,67
26/04/2020,Monaghan,385
26/04/2020,Carlow,93
26/04/2020,Cavan,627
26/04/2020,Clare,229
26/04/2020,Donegal,453
26/04/2020,Kildare,1147
26/04/2020,Kilkenny,233
26/04/2020,Longford,135
26/04/2020,Louth,640
26/04/2020,Mayo,466
26/04/2020,Meath,638
26/04/2020,Offaly,236
26/04/2020,Roscommon,141
26/04/2020,Sligo,117
26/04/2020,Tipperary,370
26/04/2020,Wexford,162
26/04/2020,Kerry,288
26/04/2020,Waterford,138
26/04/2020,Westmeath,448
26/04/2020,Wicklow,558
26/04/2020,Galway,332
26/04/2020,Limerick,518
26/04/2020,Cork,1126
26/04/2020,Dublin,9624
27/04/2020,Laois,216
27/04/2020,Leitrim,67
27/04/2020,Monaghan,388
27/04/2020,Carlow,95
27/04/2020,Cavan,634
27/04/2020,Clare,232
27/04/2020,Donegal,454
27/04/2020,Kildare,1162
27/04/2020,Kilkenny,236
27/04/2020,Longford,145
27/04/2020,Louth,652
27/04/2020,Mayo,478
27/04/2020,Meath,661
27/04/2020,Offaly,264
27/04/2020,Roscommon,148
27/04/2020,Sligo,116
27/04/2020,Tipperary,389
27/04/2020,Wexford,162
27/04/2020,Kerry,292
27/04/2020,Waterford,137
27/04/2020,Westmeath,461
27/04/2020,Wicklow,564
27/04/2020,Galway,351
27/04/2020,Limerick,532
27/04/2020,Cork,1136
27/04/2020,Dublin,9751
28/04/2020,Laois,218
28/04/2020,Leitrim,68
28/04/2020,Monaghan,393
28/04/2020,Carlow,95
28/04/2020,Cavan,634
28/04/2020,Clare,232
28/04/2020,Donegal,456
28/04/2020,Kildare,1193
28/04/2020,Kilkenny,242
28/04/2020,Longford,146
28/04/2020,Louth,655
28/04/2020,Mayo,483
28/04/2020,Meath,671
28/04/2020,Offaly,282
28/04/2020,Roscommon,150
28/04/2020,Sligo,116
28/04/2020,Tipperary,415
28/04/2020,Wexford,167
28/04/2020,Kerry,292
28/04/2020,Waterford,137
28/04/2020,Westmeath,474
28/04/2020,Wicklow,589
28/04/2020,Galway,355
28/04/2020,Limerick,535
28/04/2020,Cork,1146
28/04/2020,Dublin,9967
29/04/2020,Laois,224
29/04/2020,Leitrim,68
29/04/2020,Monaghan,399
29/04/2020,Carlow,100
29/04/2020,Cavan,644
29/04/2020,Clare,236
29/04/2020,Donegal,458
29/04/2020,Kildare,1215
29/04/2020,Kilkenny,250
29/04/2020,Longford,149
29/04/2020,Louth,659
29/04/2020,Mayo,485
29/04/2020,Meath,681
29/04/2020,Offaly,284
29/04/2020,Roscommon,151
29/04/2020,Sligo,116
29/04/2020,Tipperary,468
29/04/2020,Wexford,179
29/04/2020,Kerry,293
29/04/2020,Waterford,138
29/04/2020,Westmeath,487
29/04/2020,Wicklow,599
29/04/2020,Galway,355
29/04/2020,Limerick,548
29/04/2020,Cork,1154
29/04/2020,Dublin,10170
30/04/2020,Laois,230
30/04/2020,Leitrim,68
30/04/2020,Monaghan,403
30/04/2020,Carlow,100
30/04/2020,Cavan,656
30/04/2020,Clare,237
30/04/2020,Donegal,459
30/04/2020,Kildare,1226
30/04/2020,Kilkenny,254
30/04/2020,Longford,150
30/04/2020,Louth,667
30/04/2020,Mayo,488
30/04/2020,Meath,687
30/04/2020,Offaly,293
30/04/2020,Roscommon,160
30/04/2020,Sligo,118
30/04/2020,Tipperary,473
30/04/2020,Wexford,183
30/04/2020,Kerry,294
30/04/2020,Waterford,138
30/04/2020,Westmeath,500
30/04/2020,Wicklow,604
30/04/2020,Galway,357
30/04/2020,Limerick,564
30/04/2020,Cork,1156
30/04/2020,Dublin,10277
01/05/2020,Laois,234
01/05/2020,Leitrim,67
01/05/2020,Monaghan,409
01/05/2020,Carlow,126
01/05/2020,Cavan,673
01/05/2020,Clare,240
01/05/2020,Donegal,461
01/05/2020,Kildare,1242
01/05/2020,Kilkenny,258
01/05/2020,Longford,153
01/05/2020,Louth,673
01/05/2020,Mayo,494
01/05/2020,Meath,699
01/05/2020,Offaly,305
01/05/2020,Roscommon,174
01/05/2020,Sligo,117
01/05/2020,Tipperary,478
01/05/2020,Wexford,185
01/05/2020,Kerry,295
01/05/2020,Waterford,139
01/05/2020,Westmeath,509
01/05/2020,Wicklow,618
01/05/2020,Galway,365
01/05/2020,Limerick,580
01/05/2020,Cork,1164
01/05/2020,Dublin,10406
02/05/2020,Laois,237
02/05/2020,Leitrim,70
02/05/2020,Monaghan,423
02/05/2020,Carlow,127
02/05/2020,Cavan,682
02/05/2020,Clare,245
02/05/2020,Donegal,465
02/05/2020,Kildare,1268
02/05/2020,Kilkenny,259
02/05/2020,Longford,213
02/05/2020,Louth,679
02/05/2020,Mayo,501
02/05/2020,Meath,713
02/05/2020,Offaly,314
02/05/2020,Roscommon,174
02/05/2020,Sligo,119
02/05/2020,Tipperary,479
02/05/2020,Wexford,185
02/05/2020,Kerry,298
02/05/2020,Waterford,140
02/05/2020,Westmeath,540
02/05/2020,Wicklow,622
02/05/2020,Galway,365
02/05/2020,Limerick,583
02/05/2020,Cork,1175
02/05/2020,Dublin,10561
03/05/2020,Laois,238
03/05/2020,Leitrim,70
03/05/2020,Monaghan,429
03/05/2020,Carlow,127
03/05/2020,Cavan,694
03/05/2020,Clare,249
03/05/2020,Donegal,466
03/05/2020,Kildare,1280
03/05/2020,Kilkenny,258
03/05/2020,Longford,235
03/05/2020,Louth,685
03/05/2020,Mayo,510
03/05/2020,Meath,717
03/05/2020,Offaly,317
03/05/2020,Roscommon,181
03/05/2020,Sligo,120
03/05/2020,Tipperary,486
03/05/2020,Wexford,184
03/05/2020,Kerry,301
03/05/2020,Waterford,139
03/05/2020,Westmeath,547
03/05/2020,Wicklow,625
03/05/2020,Galway,369
03/05/2020,Limerick,585
03/05/2020,Cork,1177
03/05/2020,Dublin,10670
04/05/2020,Laois,240
04/05/2020,Leitrim,70
04/05/2020,Monaghan,432
04/05/2020,Carlow,132
04/05/2020,Cavan,709
04/05/2020,Clare,254
04/05/2020,Donegal,467
04/05/2020,Kildare,1289
04/05/2020,Kilkenny,259
04/05/2020,Longford,257
04/05/2020,Louth,693
04/05/2020,Mayo,512
04/05/2020,Meath,722
04/05/2020,Offaly,339
04/05/2020,Roscommon,212
04/05/2020,Sligo,121
04/05/2020,Tipperary,501
04/05/2020,Wexford,184
04/05/2020,Kerry,302
04/05/2020,Waterford,139
04/05/2020,Westmeath,554
04/05/2020,Wicklow,628
04/05/2020,Galway,375
04/05/2020,Limerick,591
04/05/2020,Cork,1192
04/05/2020,Dublin,10734
05/05/2020,Laois,243
05/05/2020,Leitrim,70
05/05/2020,Monaghan,441
05/05/2020,Carlow,132
05/05/2020,Cavan,710
05/05/2020,Clare,281
05/05/2020,Donegal,469
05/05/2020,Kildare,1302
05/05/2020,Kilkenny,265
05/05/2020,Longford,259
05/05/2020,Louth,699
05/05/2020,Mayo,514
05/05/2020,Meath,723
05/05/2020,Offaly,346
05/05/2020,Roscommon,221
05/05/2020,Sligo,122
05/05/2020,Tipperary,506
05/05/2020,Wexford,190
05/05/2020,Kerry,302
05/05/2020,Waterford,140
05/05/2020,Westmeath,627
05/05/2020,Wicklow,633
05/05/2020,Galway,380
05/05/2020,Limerick,574
05/05/2020,Cork,1197
05/05/2020,Dublin,10840
06/05/2020,Laois,242
06/05/2020,Leitrim,66
06/05/2020,Monaghan,443
06/05/2020,Carlow,133
06/05/2020,Cavan,730
06/05/2020,Clare,299
06/05/2020,Donegal,469
06/05/2020,Kildare,1312
06/05/2020,Kilkenny,265
06/05/2020,Longford,260
06/05/2020,Louth,703
06/05/2020,Mayo,518
06/05/2020,Meath,727
06/05/2020,Offaly,345
06/05/2020,Roscommon,228
06/05/2020,Sligo,116
06/05/2020,Tipperary,512
06/05/2020,Wexford,190
06/05/2020,Kerry,303
06/05/2020,Waterford,140
06/05/2020,Westmeath,633
06/05/2020,Wicklow,636
06/05/2020,Galway,381
06/05/2020,Limerick,566
06/05/2020,Cork,1199
06/05/2020,Dublin,10885
07/05/2020,Laois,247
07/05/2020,Leitrim,66
07/05/2020,Monaghan,447
07/05/2020,Carlow,136
07/05/2020,Cavan,748
07/05/2020,Clare,303
07/05/2020,Donegal,469
07/05/2020,Kildare,1317
07/05/2020,Kilkenny,271
07/05/2020,Longford,264
07/05/2020,Louth,715
07/05/2020,Mayo,522
07/05/2020,Meath,754
07/05/2020,Offaly,349
07/05/2020,Roscommon,234
07/05/2020,Sligo,116
07/05/2020,Tipperary,515
07/05/2020,Wexford,194
07/05/2020,Kerry,303
07/05/2020,Waterford,143
07/05/2020,Westmeath,640
07/05/2020,Wicklow,637
07/05/2020,Galway,382
07/05/2020,Limerick,570
07/05/2020,Cork,1205
07/05/2020,Dublin,10948
08/05/2020,Laois,247
08/05/2020,Leitrim,66
08/05/2020,Monaghan,447
08/05/2020,Carlow,139
08/05/2020,Cavan,752
08/05/2020,Clare,303
08/05/2020,Donegal,469
08/05/2020,Kildare,1324
08/05/2020,Kilkenny,277
08/05/2020,Longford,264
08/05/2020,Louth,721
08/05/2020,Mayo,522
08/05/2020,Meath,758
08/05/2020,Offaly,350
08/05/2020,Roscommon,235
08/05/2020,Sligo,116
08/05/2020,Tipperary,517
08/05/2020,Wexford,199
08/05/2020,Kerry,303
08/05/2020,Waterford,143
08/05/2020,Westmeath,641
08/05/2020,Wicklow,643
08/05/2020,Galway,388
08/05/2020,Limerick,572
08/05/2020,Cork,1207
08/05/2020,Dublin,11068
09/05/2020,Laois,248
09/05/2020,Leitrim,74
09/05/2020,Monaghan,449
09/05/2020,Carlow,141
09/05/2020,Cavan,753
09/05/2020,Clare,305
09/05/2020,Donegal,472
09/05/2020,Kildare,1331
09/05/2020,Kilkenny,280
09/05/2020,Longford,267
09/05/2020,Louth,730
09/05/2020,Mayo,522
09/05/2020,Meath,760
09/05/2020,Offaly,351
09/05/2020,Roscommon,247
09/05/2020,Sligo,123
09/05/2020,Tipperary,523
09/05/2020,Wexford,202
09/05/2020,Kerry,303
09/05/2020,Waterford,143
09/05/2020,Westmeath,643
09/05/2020,Wicklow,646
09/05/2020,Galway,392
09/05/2020,Limerick,582
09/05/2020,Cork,1232
09/05/2020,Dublin,11175
10/05/2020,Laois,249
10/05/2020,Leitrim,74
10/05/2020,Monaghan,454
10/05/2020,Carlow,141
10/05/2020,Cavan,757
10/05/2020,Clare,306
10/05/2020,Donegal,474
10/05/2020,Kildare,1337
10/05/2020,Kilkenny,284
10/05/2020,Longford,269
10/05/2020,Louth,733
10/05/2020,Mayo,537
10/05/2020,Meath,769
10/05/2020,Offaly,358
10/05/2020,Roscommon,297
10/05/2020,Sligo,127
10/05/2020,Tipperary,524
10/05/2020,Wexford,202
10/05/2020,Kerry,305
10/05/2020,Waterford,143
10/05/2020,Westmeath,643
10/05/2020,Wicklow,649
10/05/2020,Galway,400
10/05/2020,Limerick,588
10/05/2020,Cork,1234
10/05/2020,Dublin,11235
11/05/2020,Laois,249
11/05/2020,Leitrim,75
11/05/2020,Monaghan,458
11/05/2020,Carlow,143
11/05/2020,Cavan,765
11/05/2020,Clare,308
11/05/2020,Donegal,472
11/05/2020,Kildare,1344
11/05/2020,Kilkenny,291
11/05/2020,Longford,270
11/05/2020,Louth,735
11/05/2020,Mayo,538
11/05/2020,Meath,769
11/05/2020,Offaly,360
11/05/2020,Roscommon,298
11/05/2020,Sligo,128
11/05/2020,Tipperary,524
11/05/2020,Wexford,206
11/05/2020,Kerry,305
11/05/2020,Waterford,144
11/05/2020,Westmeath,645
11/05/2020,Wicklow,647
11/05/2020,Galway,402
11/05/2020,Limerick,588
11/05/2020,Cork,1238
11/05/2020,Dublin,11242
12/05/2020,Laois,249
12/05/2020,Leitrim,77
12/05/2020,Monaghan,464
12/05/2020,Carlow,143
12/05/2020,Cavan,767
12/05/2020,Clare,308
12/05/2020,Donegal,473
12/05/2020,Kildare,1348
12/05/2020,Kilkenny,292
12/05/2020,Longford,272
12/05/2020,Louth,734
12/05/2020,Mayo,541
12/05/2020,Meath,770
12/05/2020,Offaly,362
12/05/2020,Roscommon,298
12/05/2020,Sligo,128
12/05/2020,Tipperary,524
12/05/2020,Wexford,208
12/05/2020,Kerry,305
12/05/2020,Waterford,144
12/05/2020,Westmeath,648
12/05/2020,Wicklow,651
12/05/2020,Galway,405
12/05/2020,Limerick,591
12/05/2020,Cork,1249
12/05/2020,Dublin,11308
13/05/2020,Laois,251
13/05/2020,Leitrim,77
13/05/2020,Monaghan,467
13/05/2020,Carlow,144
13/05/2020,Cavan,774
13/05/2020,Clare,312
13/05/2020,Donegal,473
13/05/2020,Kildare,1352
13/05/2020,Kilkenny,293
13/05/2020,Longford,273
13/05/2020,Louth,740
13/05/2020,Mayo,542
13/05/2020,Meath,773
13/05/2020,Offaly,435
13/05/2020,Roscommon,299
13/05/2020,Sligo,128
13/05/2020,Tipperary,516
13/05/2020,Wexford,208
13/05/2020,Kerry,306
13/05/2020,Waterford,144
13/05/2020,Westmeath,652
13/05/2020,Wicklow,652
13/05/2020,Galway,408
13/05/2020,Limerick,595
13/05/2020,Cork,1256
13/05/2020,Dublin,11557
14/05/2020,Laois,251
14/05/2020,Leitrim,79
14/05/2020,Monaghan,468
14/05/2020,Carlow,144
14/05/2020,Cavan,776
14/05/2020,Clare,314
14/05/2020,Donegal,474
14/05/2020,Kildare,1357
14/05/2020,Kilkenny,295
14/05/2020,Longford,273
14/05/2020,Louth,741
14/05/2020,Mayo,542
14/05/2020,Meath,776
14/05/2020,Offaly,455
14/05/2020,Roscommon,300
14/05/2020,Sligo,129
14/05/2020,Tipperary,521
14/05/2020,Wexford,211
14/05/2020,Kerry,307
14/05/2020,Waterford,144
14/05/2020,Westmeath,654
14/05/2020,Wicklow,657
14/05/2020,Galway,412
14/05/2020,Limerick,596
14/05/2020,Cork,1346
14/05/2020,Dublin,11657
15/05/2020,Laois,253
15/05/2020,Leitrim,79
15/05/2020,Monaghan,480
15/05/2020,Carlow,146
15/05/2020,Cavan,781
15/05/2020,Clare,314
15/05/2020,Donegal,475
15/05/2020,Kildare,1361
15/05/2020,Kilkenny,298
15/05/2020,Longford,277
15/05/2020,Louth,739
15/05/2020,Mayo,547
15/05/2020,Meath,778
15/05/2020,Offaly,459
15/05/2020,Roscommon,301
15/05/2020,Sligo,129
15/05/2020,Tipperary,523
15/05/2020,Wexford,212
15/05/2020,Kerry,307
15/05/2020,Waterford,146
15/05/2020,Westmeath,655
15/05/2020,Wicklow,656
15/05/2020,Galway,418
15/05/2020,Limerick,601
15/05/2020,Cork,1352
15/05/2020,Dublin,11666
16/05/2020,Laois,253
16/05/2020,Leitrim,79
16/05/2020,Monaghan,480
16/05/2020,Carlow,147
16/05/2020,Cavan,788
16/05/2020,Clare,315
16/05/2020,Donegal,475
16/05/2020,Kildare,1367
16/05/2020,Kilkenny,300
16/05/2020,Longford,279
16/05/2020,Louth,740
16/05/2020,Mayo,552
16/05/2020,Meath,780
16/05/2020,Offaly,459
16/05/2020,Roscommon,304
16/05/2020,Sligo,129
16/05/2020,Tipperary,524
16/05/2020,Wexford,212
16/05/2020,Kerry,307
16/05/2020,Waterford,147
16/05/2020,Westmeath,654
16/05/2020,Wicklow,657
16/05/2020,Galway,432
16/05/2020,Limerick,602
16/05/2020,Cork,1361
16/05/2020,Dublin,11693
17/05/2020,Laois,254
17/05/2020,Leitrim,80
17/05/2020,Monaghan,485
17/05/2020,Carlow,148
17/05/2020,Cavan,800
17/05/2020,Clare,315
17/05/2020,Donegal,477
17/05/2020,Kildare,1379
17/05/2020,Kilkenny,302
17/05/2020,Longford,279
17/05/2020,Louth,743
17/05/2020,Mayo,556
17/05/2020,Meath,782
17/05/2020,Offaly,461
17/05/2020,Roscommon,307
17/05/2020,Sligo,129
17/05/2020,Tipperary,525
17/05/2020,Wexford,212
17/05/2020,Kerry,308
17/05/2020,Waterford,147
17/05/2020,Westmeath,656
17/05/2020,Wicklow,659
17/05/2020,Galway,438
17/05/2020,Limerick,603
17/05/2020,Cork,1372
17/05/2020,Dublin,11759
18/05/2020,Laois,254
18/05/2020,Leitrim,82
18/05/2020,Monaghan,485
18/05/2020,Carlow,149
18/05/2020,Cavan,802
18/05/2020,Clare,315
18/05/2020,Donegal,477
18/05/2020,Kildare,1379
18/05/2020,Kilkenny,307
18/05/2020,Longford,279
18/05/2020,Louth,745
18/05/2020,Mayo,558
18/05/2020,Meath,787
18/05/2020,Offaly,468
18/05/2020,Roscommon,308
18/05/2020,Sligo,129
18/05/2020,Tipperary,528
18/05/2020,Wexford,217
18/05/2020,Kerry,308
18/05/2020,Waterford,148
18/05/2020,Westmeath,656
18/05/2020,Wicklow,657
18/05/2020,Galway,445
18/05/2020,Limerick,610
18/05/2020,Cork,1376
18/05/2020,Dublin,11733
19/05/2020,Laois,256
19/05/2020,Leitrim,82
19/05/2020,Monaghan,488
19/05/2020,Carlow,150
19/05/2020,Cavan,804
19/05/2020,Clare,315
19/05/2020,Donegal,479
19/05/2020,Kildare,1381
19/05/2020,Kilkenny,307
19/05/2020,Longford,280
19/05/2020,Louth,748
19/05/2020,Mayo,560
19/05/2020,Meath,788
19/05/2020,Offaly,472
19/05/2020,Roscommon,310
19/05/2020,Sligo,129
19/05/2020,Tipperary,529
19/05/2020,Wexford,217
19/05/2020,Kerry,308
19/05/2020,Waterford,148
19/05/2020,Westmeath,658
19/05/2020,Wicklow,657
19/05/2020,Galway,445
19/05/2020,Limerick,612
19/05/2020,Cork,1386
19/05/2020,Dublin,11765
20/05/2020,Laois,256
20/05/2020,Leitrim,82
20/05/2020,Monaghan,489
20/05/2020,Carlow,151
20/05/2020,Cavan,804
20/05/2020,Clare,319
20/05/2020,Donegal,478
20/05/2020,Kildare,1383
20/05/2020,Kilkenny,316
20/05/2020,Longford,280
20/05/2020,Louth,751
20/05/2020,Mayo,560
20/05/2020,Meath,790
20/05/2020,Offaly,473
20/05/2020,Roscommon,312
20/05/2020,Sligo,129
20/05/2020,Tipperary,529
20/05/2020,Wexford,217
20/05/2020,Kerry,308
20/05/2020,Waterford,148
20/05/2020,Westmeath,661
20/05/2020,Wicklow,657
20/05/2020,Galway,451
20/05/2020,Limerick,615
20/05/2020,Cork,1398
20/05/2020,Dublin,11794
21/05/2020,Laois,256
21/05/2020,Leitrim,82
21/05/2020,Monaghan,489
21/05/2020,Carlow,151
21/05/2020,Cavan,815
21/05/2020,Clare,319
21/05/2020,Donegal,478
21/05/2020,Kildare,1387
21/05/2020,Kilkenny,319
21/05/2020,Longford,280
21/05/2020,Louth,756
21/05/2020,Mayo,564
21/05/2020,Meath,795
21/05/2020,Offaly,475
21/05/2020,Roscommon,314
21/05/2020,Sligo,129
21/05/2020,Tipperary,528
21/05/2020,Wexford,217
21/05/2020,Kerry,308
21/05/2020,Waterford,149
21/05/2020,Westmeath,661
21/05/2020,Wicklow,659
21/05/2020,Galway,455
21/05/2020,Limerick,615
21/05/2020,Cork,1420
21/05/2020,Dublin,11830
22/05/2020,Laois,256
22/05/2020,Leitrim,82
22/05/2020,Monaghan,501
22/05/2020,Carlow,152
22/05/2020,Cavan,824
22/05/2020,Clare,321
22/05/2020,Donegal,478
22/05/2020,Kildare,1392
22/05/2020,Kilkenny,334
22/05/2020,Longford,280
22/05/2020,Louth,756
22/05/2020,Mayo,568
22/05/2020,Meath,797
22/05/2020,Offaly,478
22/05/2020,Roscommon,318
22/05/2020,Sligo,129
22/05/2020,Tipperary,528
22/05/2020,Wexford,217
22/05/2020,Kerry,308
22/05/2020,Waterford,151
22/05/2020,Westmeath,663
22/05/2020,Wicklow,661
22/05/2020,Galway,458
22/05/2020,Limerick,616
22/05/2020,Cork,1428
22/05/2020,Dublin,11873
23/05/2020,Laois,256
23/05/2020,Leitrim,82
23/05/2020,Monaghan,501
23/05/2020,Carlow,152
23/05/2020,Cavan,825
23/05/2020,Clare,322
23/05/2020,Donegal,478
23/05/2020,Kildare,1390
23/05/2020,Kilkenny,334
23/05/2020,Longford,281
23/05/2020,Louth,759
23/05/2020,Mayo,568
23/05/2020,Meath,797
23/05/2020,Offaly,478
23/05/2020,Roscommon,319
23/05/2020,Sligo,129
23/05/2020,Tipperary,528
23/05/2020,Wexford,217
23/05/2020,Kerry,308
23/05/2020,Waterford,151
23/05/2020,Westmeath,663
23/05/2020,Wicklow,661
23/05/2020,Galway,461
23/05/2020,Limerick,619
23/05/2020,Cork,1438
23/05/2020,Dublin,11876
24/05/2020,Laois,257
24/05/2020,Leitrim,82
24/05/2020,Monaghan,503
24/05/2020,Carlow,152
24/05/2020,Cavan,827
24/05/2020,Clare,322
24/05/2020,Donegal,478
24/05/2020,Kildare,1395
24/05/2020,Kilkenny,334
24/05/2020,Longford,281
24/05/2020,Louth,759
24/05/2020,Mayo,568
24/05/2020,Meath,797
24/05/2020,Offaly,479
24/05/2020,Roscommon,319
24/05/2020,Sligo,129
24/05/2020,Tipperary,528
24/05/2020,Wexford,217
24/05/2020,Kerry,308
24/05/2020,Waterford,151
24/05/2020,Westmeath,663
24/05/2020,Wicklow,663
24/05/2020,Galway,461
24/05/2020,Limerick,622
24/05/2020,Cork,1440
24/05/2020,Dublin,11894
25/05/2020,Laois,258
25/05/2020,Leitrim,82
25/05/2020,Monaghan,503
25/05/2020,Carlow,152
25/05/2020,Cavan,829
25/05/2020,Clare,322
25/05/2020,Donegal,478
25/05/2020,Kildare,1408
25/05/2020,Kilkenny,336
25/05/2020,Longford,281
25/05/2020,Louth,759
25/05/2020,Mayo,568
25/05/2020,Meath,797
25/05/2020,Offaly,479
25/05/2020,Roscommon,319
25/05/2020,Sligo,129
25/05/2020,Tipperary,528
25/05/2020,Wexford,216
25/05/2020,Kerry,308
25/05/2020,Waterford,151
25/05/2020,Westmeath,664
25/05/2020,Wicklow,663
25/05/2020,Galway,464
25/05/2020,Limerick,624
25/05/2020,Cork,1451
25/05/2020,Dublin,11961
26/05/2020,Laois,258
26/05/2020,Leitrim,83
26/05/2020,Monaghan,504
26/05/2020,Carlow,154
26/05/2020,Cavan,833
26/05/2020,Clare,322
26/05/2020,Donegal,477
26/05/2020,Kildare,1414
26/05/2020,Kilkenny,337
26/05/2020,Longford,281
26/05/2020,Louth,759
26/05/2020,Mayo,569
26/05/2020,Meath,793
26/05/2020,Offaly,478
26/05/2020,Roscommon,320
26/05/2020,Sligo,129
26/05/2020,Tipperary,528
26/05/2020,Wexford,216
26/05/2020,Kerry,308
26/05/2020,Waterford,151
26/05/2020,Westmeath,665
26/05/2020,Wicklow,663
26/05/2020,Galway,473
26/05/2020,Limerick,626
26/05/2020,Cork,1458
26/05/2020,Dublin,11996
27/05/2020,Laois,258
27/05/2020,Leitrim,83
27/05/2020,Monaghan,504
27/05/2020,Carlow,155
27/05/2020,Cavan,833
27/05/2020,Clare,322
27/05/2020,Donegal,477
27/05/2020,Kildare,1416
27/05/2020,Kilkenny,337
27/05/2020,Longford,280
27/05/2020,Louth,759
27/05/2020,Mayo,569
27/05/2020,Meath,793
27/05/2020,Offaly,478
27/05/2020,Roscommon,320
27/05/2020,Sligo,129
27/05/2020,Tipperary,528
27/05/2020,Wexford,216
27/05/2020,Kerry,308
27/05/2020,Waterford,152
27/05/2020,Westmeath,667
27/05/2020,Wicklow,663
27/05/2020,Galway,476
27/05/2020,Limerick,627
27/05/2020,Cork,1464
27/05/2020,Dublin,12023
28/05/2020,Laois,258
28/05/2020,Leitrim,83
28/05/2020,Monaghan,507
28/05/2020,Carlow,158
28/05/2020,Cavan,833
28/05/2020,Clare,323
28/05/2020,Donegal,477
28/05/2020,Kildare,1416
28/05/2020,Kilkenny,337
28/05/2020,Longford,281
28/05/2020,Louth,763
28/05/2020,Mayo,571
28/05/2020,Meath,795
28/05/2020,Offaly,478
28/05/2020,Roscommon,321
28/05/2020,Sligo,129
28/05/2020,Tipperary,527
28/05/2020,Wexford,216
28/05/2020,Kerry,308
28/05/2020,Waterford,152
28/05/2020,Westmeath,667
28/05/2020,Wicklow,663
28/05/2020,Galway,476
28/05/2020,Limerick,628
28/05/2020,Cork,1472
28/05/2020,Dublin,12031
29/05/2020,Laois,259
29/05/2020,Leitrim,83
29/05/2020,Monaghan,509
29/05/2020,Carlow,166
29/05/2020,Cavan,834
29/05/2020,Clare,323
29/05/2020,Donegal,477
29/05/2020,Kildare,1416
29/05/2020,Kilkenny,338
29/05/2020,Longford,283
29/05/2020,Louth,766
29/05/2020,Mayo,571
29/05/2020,Meath,797
29/05/2020,Offaly,478
29/05/2020,Roscommon,333
29/05/2020,Sligo,129
29/05/2020,Tipperary,529
29/05/2020,Wexford,216
29/05/2020,Kerry,308
29/05/2020,Waterford,152
29/05/2020,Westmeath,668
29/05/2020,Wicklow,663
29/05/2020,Galway,478
29/05/2020,Limerick,629
29/05/2020,Cork,1477
29/05/2020,Dublin,12042
30/05/2020,Laois,259
30/05/2020,Leitrim,83
30/05/2020,Monaghan,509
30/05/2020,Carlow,166
30/05/2020,Cavan,839
30/05/2020,Clare,360
30/05/2020,Donegal,477
30/05/2020,Kildare,1417
30/05/2020,Kilkenny,338
30/05/2020,Longford,283
30/05/2020,Louth,768
30/05/2020,Mayo,571
30/05/2020,Meath,796
30/05/2020,Offaly,478
30/05/2020,Roscommon,333
30/05/2020,Sligo,129
30/05/2020,Tipperary,530
30/05/2020,Wexford,216
30/05/2020,Kerry,308
30/05/2020,Waterford,153
30/05/2020,Westmeath,669
30/05/2020,Wicklow,663
30/05/2020,Galway,480
30/05/2020,Limerick,594
30/05/2020,Cork,1514
30/05/2020,Dublin,12052
31/05/2020,Laois,259
31/05/2020,Leitrim,83
31/05/2020,Monaghan,512
31/05/2020,Carlow,166
31/05/2020,Cavan,844
31/05/2020,Clare,368
31/05/2020,Donegal,477
31/05/2020,Kildare,1419
31/05/2020,Kilkenny,338
31/05/2020,Longford,283
31/05/2020,Louth,776
31/05/2020,Mayo,570
31/05/2020,Meath,800
31/05/2020,Offaly,478
31/05/2020,Roscommon,335
31/05/2020,Sligo,129
31/05/2020,Tipperary,538
31/05/2020,Wexford,213
31/05/2020,Kerry,308
31/05/2020,Waterford,153
31/05/2020,Westmeath,670
31/05/2020,Wicklow,667
31/05/2020,Galway,482
31/05/2020,Limerick,581
31/05/2020,Cork,1517
31/05/2020,Dublin,12090
01/06/2020,Laois,260
01/06/2020,Leitrim,83
01/06/2020,Monaghan,512
01/06/2020,Carlow,166
01/06/2020,Cavan,844
01/06/2020,Clare,369
01/06/2020,Donegal,477
01/06/2020,Kildare,1419
01/06/2020,Kilkenny,339
01/06/2020,Longford,283
01/06/2020,Louth,775
01/06/2020,Mayo,570
01/06/2020,Meath,801
01/06/2020,Offaly,478
01/06/2020,Roscommon,336
01/06/2020,Sligo,129
01/06/2020,Tipperary,539
01/06/2020,Wexford,213
01/06/2020,Kerry,308
01/06/2020,Waterford,152
01/06/2020,Westmeath,670
01/06/2020,Wicklow,667
01/06/2020,Galway,482
01/06/2020,Limerick,582
01/06/2020,Cork,1517
01/06/2020,Dublin,12093
02/06/2020,Laois,260
02/06/2020,Leitrim,83
02/06/2020,Monaghan,521
02/06/2020,Carlow,169
02/06/2020,Cavan,846
02/06/2020,Clare,369
02/06/2020,Donegal,477
02/06/2020,Kildare,1419
02/06/2020,Kilkenny,339
02/06/2020,Longford,284
02/06/2020,Louth,776
02/06/2020,Mayo,570
02/06/2020,Meath,802
02/06/2020,Offaly,479
02/06/2020,Roscommon,337
02/06/2020,Sligo,129
02/06/2020,Tipperary,540
02/06/2020,Wexford,213
02/06/2020,Kerry,308
02/06/2020,Waterford,152
02/06/2020,Westmeath,670
02/06/2020,Wicklow,668
02/06/2020,Galway,481
02/06/2020,Limerick,582
02/06/2020,Cork,1521
02/06/2020,Dublin,12109
03/06/2020,Laois,260
03/06/2020,Leitrim,83
03/06/2020,Monaghan,527
03/06/2020,Carlow,169
03/06/2020,Cavan,854
03/06/2020,Clare,369
03/06/2020,Donegal,472
03/06/2020,Kildare,1419
03/06/2020,Kilkenny,340
03/06/2020,Longford,284
03/06/2020,Louth,777
03/06/2020,Mayo,570
03/06/2020,Meath,804
03/06/2020,Offaly,479
03/06/2020,Roscommon,337
03/06/2020,Sligo,129
03/06/2020,Tipperary,540
03/06/2020,Wexford,213
03/06/2020,Kerry,308
03/06/2020,Waterford,154
03/06/2020,Westmeath,671
03/06/2020,Wicklow,668
03/06/2020,Galway,481
03/06/2020,Limerick,582
03/06/2020,Cork,1527
03/06/2020,Dublin,12118
04/06/2020,Laois,261
04/06/2020,Leitrim,84
04/06/2020,Monaghan,528
04/06/2020,Carlow,168
04/06/2020,Cavan,858
04/06/2020,Clare,368
04/06/2020,Donegal,472
04/06/2020,Kildare,1423
04/06/2020,Kilkenny,340
04/06/2020,Longford,284
04/06/2020,Louth,777
04/06/2020,Mayo,570
04/06/2020,Meath,805
04/06/2020,Offaly,479
04/06/2020,Roscommon,337
04/06/2020,Sligo,128
04/06/2020,Tipperary,540
04/06/2020,Wexford,214
04/06/2020,Kerry,308
04/06/2020,Waterford,154
04/06/2020,Westmeath,671
04/06/2020,Wicklow,668
04/06/2020,Galway,481
04/06/2020,Limerick,582
04/06/2020,Cork,1528
04/06/2020,Dublin,12127
05/06/2020,Laois,262
05/06/2020,Leitrim,84
05/06/2020,Monaghan,528
05/06/2020,Carlow,168
05/06/2020,Cavan,858
05/06/2020,Clare,368
05/06/2020,Donegal,471
05/06/2020,Kildare,1423
05/06/2020,Kilkenny,344
05/06/2020,Longford,285
05/06/2020,Louth,777
05/06/2020,Mayo,570
05/06/2020,Meath,806
05/06/2020,Offaly,479
05/06/2020,Roscommon,337
05/06/2020,Sligo,128
05/06/2020,Tipperary,540
05/06/2020,Wexford,214
05/06/2020,Kerry,308
05/06/2020,Waterford,154
05/06/2020,Westmeath,671
05/06/2020,Wicklow,670
05/06/2020,Galway,481
05/06/2020,Limerick,582
05/06/2020,Cork,1529
05/06/2020,Dublin,12139
06/06/2020,Laois,262
06/06/2020,Leitrim,84
06/06/2020,Monaghan,530
06/06/2020,Carlow,168
06/06/2020,Cavan,858
06/06/2020,Clare,368
06/06/2020,Donegal,471
06/06/2020,Kildare,1423
06/06/2020,Kilkenny,345
06/06/2020,Longford,285
06/06/2020,Louth,776
06/06/2020,Mayo,570
06/06/2020,Meath,804
06/06/2020,Offaly,479
06/06/2020,Roscommon,337
06/06/2020,Sligo,128
06/06/2020,Tipperary,540
06/06/2020,Wexford,216
06/06/2020,Kerry,308
06/06/2020,Waterford,154
06/06/2020,Westmeath,671
06/06/2020,Wicklow,670
06/06/2020,Galway,481
06/06/2020,Limerick,583
06/06/2020,Cork,1529
06/06/2020,Dublin,12158
07/06/2020,Laois,262
07/06/2020,Leitrim,84
07/06/2020,Monaghan,531
07/06/2020,Carlow,167
07/06/2020,Cavan,858
07/06/2020,Clare,368
07/06/2020,Donegal,471
07/06/2020,Kildare,1424
07/06/2020,Kilkenny,345
07/06/2020,Longford,285
07/06/2020,Louth,778
07/06/2020,Mayo,570
07/06/2020,Meath,804
07/06/2020,Offaly,480
07/06/2020,Roscommon,338
07/06/2020,Sligo,128
07/06/2020,Tipperary,540
07/06/2020,Wexford,216
07/06/2020,Kerry,308
07/06/2020,Waterford,154
07/06/2020,Westmeath,671
07/06/2020,Wicklow,670
07/06/2020,Galway,483
07/06/2020,Limerick,583
07/06/2020,Cork,1529
07/06/2020,Dublin,12159
08/06/2020,Laois,262
08/06/2020,Leitrim,84
08/06/2020,Monaghan,531
08/06/2020,Carlow,168
08/06/2020,Cavan,858
08/06/2020,Clare,368
08/06/2020,Donegal,470
08/06/2020,Kildare,1424
08/06/2020,Kilkenny,345
08/06/2020,Longford,285
08/06/2020,Louth,778
08/06/2020,Mayo,570
08/06/2020,Meath,804
08/06/2020,Offaly,480
08/06/2020,Roscommon,338
08/06/2020,Sligo,128
08/06/2020,Tipperary,540
08/06/2020,Wexford,216
08/06/2020,Kerry,308
08/06/2020,Waterford,154
08/06/2020,Westmeath,671
08/06/2020,Wicklow,670
08/06/2020,Galway,483
08/06/2020,Limerick,583
08/06/2020,Cork,1531
08/06/2020,Dublin,12163
09/06/2020,Laois,262
09/06/2020,Leitrim,84
09/06/2020,Monaghan,534
09/06/2020,Carlow,168
09/06/2020,Cavan,858
09/06/2020,Clare,369
09/06/2020,Donegal,470
09/06/2020,Kildare,1426
09/06/2020,Kilkenny,346
09/06/2020,Longford,285
09/06/2020,Louth,778
09/06/2020,Mayo,570
09/06/2020,Meath,804
09/06/2020,Offaly,481
09/06/2020,Roscommon,340
09/06/2020,Sligo,128
09/06/2020,Tipperary,541
09/06/2020,Wexford,216
09/06/2020,Kerry,308
09/06/2020,Waterford,154
09/06/2020,Westmeath,671
09/06/2020,Wicklow,670
09/06/2020,Galway,485
09/06/2020,Limerick,583
09/06/2020,Cork,1532
09/06/2020,Dublin,12167
10/06/2020,Laois,262
10/06/2020,Leitrim,84
10/06/2020,Monaghan,534
10/06/2020,Carlow,168
10/06/2020,Cavan,859
10/06/2020,Clare,369
10/06/2020,Donegal,469
10/06/2020,Kildare,1426
10/06/2020,Kilkenny,346
10/06/2020,Longford,285
10/06/2020,Louth,778
10/06/2020,Mayo,570
10/06/2020,Meath,805
10/06/2020,Offaly,481
10/06/2020,Roscommon,341
10/06/2020,Sligo,128
10/06/2020,Tipperary,541
10/06/2020,Wexford,216
10/06/2020,Kerry,308
10/06/2020,Waterford,154
10/06/2020,Westmeath,670
10/06/2020,Wicklow,670
10/06/2020,Galway,485
10/06/2020,Limerick,583
10/06/2020,Cork,1533
10/06/2020,Dublin,12172
11/06/2020,Laois,264
11/06/2020,Leitrim,84
11/06/2020,Monaghan,534
11/06/2020,Carlow,168
11/06/2020,Cavan,860
11/06/2020,Clare,369
11/06/2020,Donegal,470
11/06/2020,Kildare,1426
11/06/2020,Kilkenny,346
11/06/2020,Longford,285
11/06/2020,Louth,778
11/06/2020,Mayo,570
11/06/2020,Meath,805
11/06/2020,Offaly,481
11/06/2020,Roscommon,341
11/06/2020,Sligo,128
11/06/2020,Tipperary,541
11/06/2020,Wexford,216
11/06/2020,Kerry,308
11/06/2020,Waterford,154
11/06/2020,Westmeath,670
11/06/2020,Wicklow,670
11/06/2020,Galway,485
11/06/2020,Limerick,584
11/06/2020,Cork,1533
11/06/2020,Dublin,12179
12/06/2020,Laois,264
12/06/2020,Leitrim,84
12/06/2020,Monaghan,535
12/06/2020,Carlow,171
12/06/2020,Cavan,860
12/06/2020,Clare,369
12/06/2020,Donegal,470
12/06/2020,Kildare,1426
12/06/2020,Kilkenny,348
12/06/2020,Longford,285
12/06/2020,Louth,778
12/06/2020,Mayo,571
12/06/2020,Meath,805
12/06/2020,Offaly,481
12/06/2020,Roscommon,342
12/06/2020,Sligo,128
12/06/2020,Tipperary,541
12/06/2020,Wexford,216
12/06/2020,Kerry,308
12/06/2020,Waterford,154
12/06/2020,Westmeath,670
12/06/2020,Wicklow,670
12/06/2020,Galway,486
12/06/2020,Limerick,584
12/06/2020,Cork,1533
12/06/2020,Dublin,12210
13/06/2020,Laois,264
13/06/2020,Leitrim,84
13/06/2020,Monaghan,535
13/06/2020,Carlow,171
13/06/2020,Cavan,860
13/06/2020,Clare,369
13/06/2020,Donegal,470
13/06/2020,Kildare,1434
13/06/2020,Kilkenny,348
13/06/2020,Longford,285
13/06/2020,Louth,778
13/06/2020,Mayo,572
13/06/2020,Meath,805
13/06/2020,Offaly,481
13/06/2020,Roscommon,342
13/06/2020,Sligo,128
13/06/2020,Tipperary,541
13/06/2020,Wexford,216
13/06/2020,Kerry,308
13/06/2020,Waterford,154
13/06/2020,Westmeath,670
13/06/2020,Wicklow,672
13/06/2020,Galway,486
13/06/2020,Limerick,584
13/06/2020,Cork,1533
13/06/2020,Dublin,12213
14/06/2020,Laois,264
14/06/2020,Leitrim,84
14/06/2020,Monaghan,536
14/06/2020,Carlow,171
14/06/2020,Cavan,859
14/06/2020,Clare,369
14/06/2020,Donegal,470
14/06/2020,Kildare,1434
14/06/2020,Kilkenny,348
14/06/2020,Longford,285
14/06/2020,Louth,778
14/06/2020,Mayo,572
14/06/2020,Meath,805
14/06/2020,Offaly,481
14/06/2020,Roscommon,342
14/06/2020,Sligo,129
14/06/2020,Tipperary,541
14/06/2020,Wexford,216
14/06/2020,Kerry,308
14/06/2020,Waterford,154
14/06/2020,Westmeath,670
14/06/2020,Wicklow,672
14/06/2020,Galway,486
14/06/2020,Limerick,585
14/06/2020,Cork,1533
14/06/2020,Dublin,12228
15/06/2020,Laois,264
15/06/2020,Leitrim,84
15/06/2020,Monaghan,536
15/06/2020,Carlow,171
15/06/2020,Cavan,859
15/06/2020,Clare,369
15/06/2020,Donegal,470
15/06/2020,Kildare,1435
15/06/2020,Kilkenny,350
15/06/2020,Longford,285
15/06/2020,Louth,778
15/06/2020,Mayo,572
15/06/2020,Meath,806
15/06/2020,Offaly,481
15/06/2020,Roscommon,343
15/06/2020,Sligo,129
15/06/2020,Tipperary,541
15/06/2020,Wexford,216
15/06/2020,Kerry,308
15/06/2020,Waterford,154
15/06/2020,Westmeath,670
15/06/2020,Wicklow,672
15/06/2020,Galway,486
15/06/2020,Limerick,584
15/06/2020,Cork,1535
15/06/2020,Dublin,12235
16/06/2020,Laois,264
16/06/2020,Leitrim,84
16/06/2020,Monaghan,536
16/06/2020,Carlow,171
16/06/2020,Cavan,860
16/06/2020,Clare,369
16/06/2020,Donegal,470
16/06/2020,Kildare,1436
16/06/2020,Kilkenny,350
16/06/2020,Longford,285
16/06/2020,Louth,778
16/06/2020,Mayo,571
16/06/2020,Meath,806
16/06/2020,Offaly,482
16/06/2020,Roscommon,344
16/06/2020,Sligo,129
16/06/2020,Tipperary,541
16/06/2020,Wexford,216
16/06/2020,Kerry,308
16/06/2020,Waterford,155
16/06/2020,Westmeath,670
16/06/2020,Wicklow,672
16/06/2020,Galway,485
16/06/2020,Limerick,583
16/06/2020,Cork,1535
16/06/2020,Dublin,12239
17/06/2020,Laois,264
17/06/2020,Leitrim,84
17/06/2020,Monaghan,536
17/06/2020,Carlow,173
17/06/2020,Cavan,860
17/06/2020,Clare,369
17/06/2020,Donegal,470
17/06/2020,Kildare,1439
17/06/2020,Kilkenny,351
17/06/2020,Longford,285
17/06/2020,Louth,778
17/06/2020,Mayo,571
17/06/2020,Meath,806
17/06/2020,Offaly,482
17/06/2020,Roscommon,344
17/06/2020,Sligo,129
17/06/2020,Tipperary,541
17/06/2020,Wexford,216
17/06/2020,Kerry,309
17/06/2020,Waterford,155
17/06/2020,Westmeath,670
17/06/2020,Wicklow,672
17/06/2020,Galway,485
17/06/2020,Limerick,583
17/06/2020,Cork,1535
17/06/2020,Dublin,12248
18/06/2020,Laois,264
18/06/2020,Leitrim,78
18/06/2020,Monaghan,536
18/06/2020,Carlow,173
18/06/2020,Cavan,860
18/06/2020,Clare,369
18/06/2020,Donegal,464
18/06/2020,Kildare,1439
18/06/2020,Kilkenny,353
18/06/2020,Longford,285
18/06/2020,Louth,779
18/06/2020,Mayo,571
18/06/2020,Meath,806
18/06/2020,Offaly,482
18/06/2020,Roscommon,344
18/06/2020,Sligo,125
18/06/2020,Tipperary,541
18/06/2020,Wexford,216
18/06/2020,Kerry,310
18/06/2020,Waterford,155
18/06/2020,Westmeath,670
18/06/2020,Wicklow,672
18/06/2020,Galway,485
18/06/2020,Limerick,583
18/06/2020,Cork,1535
18/06/2020,Dublin,12257
19/06/2020,Laois,264
19/06/2020,Leitrim,78
19/06/2020,Monaghan,536
19/06/2020,Carlow,174
19/06/2020,Cavan,862
19/06/2020,Clare,369
19/06/2020,Donegal,464
19/06/2020,Kildare,1443
19/06/2020,Kilkenny,354
19/06/2020,Longford,285
19/06/2020,Louth,780
19/06/2020,Mayo,572
19/06/2020,Meath,807
19/06/2020,Offaly,483
19/06/2020,Roscommon,344
19/06/2020,Sligo,125
19/06/2020,Tipperary,541
19/06/2020,Wexford,216
19/06/2020,Kerry,310
19/06/2020,Waterford,155
19/06/2020,Westmeath,672
19/06/2020,Wicklow,673
19/06/2020,Galway,485
19/06/2020,Limerick,583
19/06/2020,Cork,1535
19/06/2020,Dublin,12263
20/06/2020,Laois,265
20/06/2020,Leitrim,78
20/06/2020,Monaghan,536
20/06/2020,Carlow,174
20/06/2020,Cavan,862
20/06/2020,Clare,369
20/06/2020,Donegal,464
20/06/2020,Kildare,1443
20/06/2020,Kilkenny,354
20/06/2020,Longford,285
20/06/2020,Louth,780
20/06/2020,Mayo,572
20/06/2020,Meath,807
20/06/2020,Offaly,483
20/06/2020,Roscommon,344
20/06/2020,Sligo,125
20/06/2020,Tipperary,541
20/06/2020,Wexford,216
20/06/2020,Kerry,310
20/06/2020,Waterford,155
20/06/2020,Westmeath,672
20/06/2020,Wicklow,674
20/06/2020,Galway,485
20/06/2020,Limerick,583
20/06/2020,Cork,1535
20/06/2020,Dublin,12267
21/06/2020,Laois,265
21/06/2020,Leitrim,78
21/06/2020,Monaghan,536
21/06/2020,Carlow,175
21/06/2020,Cavan,861
21/06/2020,Clare,369
21/06/2020,Donegal,464
21/06/2020,Kildare,1467
21/06/2020,Kilkenny,353
21/06/2020,Longford,285
21/06/2020,Louth,780
21/06/2020,Mayo,572
21/06/2020,Meath,807
21/06/2020,Offaly,483
21/06/2020,Roscommon,345
21/06/2020,Sligo,125
21/06/2020,Tipperary,541
21/06/2020,Wexford,216
21/06/2020,Kerry,310
21/06/2020,Waterford,155
21/06/2020,Westmeath,672
21/06/2020,Wicklow,681
21/06/2020,Galway,485
21/06/2020,Limerick,583
21/06/2020,Cork,1535
21/06/2020,Dublin,12238
22/06/2020,Laois,265
22/06/2020,Leitrim,78
22/06/2020,Monaghan,536
22/06/2020,Carlow,175
22/06/2020,Cavan,861
22/06/2020,Clare,369
22/06/2020,Donegal,464
22/06/2020,Kildare,1476
22/06/2020,Kilkenny,354
22/06/2020,Longford,285
22/06/2020,Louth,780
22/06/2020,Mayo,572
22/06/2020,Meath,808
22/06/2020,Offaly,483
22/06/2020,Roscommon,345
22/06/2020,Sligo,125
22/06/2020,Tipperary,543
22/06/2020,Wexford,216
22/06/2020,Kerry,310
22/06/2020,Waterford,156
22/06/2020,Westmeath,672
22/06/2020,Wicklow,697
22/06/2020,Galway,485
22/06/2020,Limerick,583
22/06/2020,Cork,1535
22/06/2020,Dublin,12218
23/06/2020,Laois,265
23/06/2020,Leitrim,78
23/06/2020,Monaghan,537
23/06/2020,Carlow,175
23/06/2020,Cavan,862
23/06/2020,Clare,369
23/06/2020,Donegal,464
23/06/2020,Kildare,1477
23/06/2020,Kilkenny,354
23/06/2020,Longford,285
23/06/2020,Louth,780
23/06/2020,Mayo,571
23/06/2020,Meath,808
23/06/2020,Offaly,483
23/06/2020,Roscommon,345
23/06/2020,Sligo,125
23/06/2020,Tipperary,543
23/06/2020,Wexford,217
23/06/2020,Kerry,310
23/06/2020,Waterford,156
23/06/2020,Westmeath,672
23/06/2020,Wicklow,697
23/06/2020,Galway,485
23/06/2020,Limerick,583
23/06/2020,Cork,1535
23/06/2020,Dublin,12218
24/06/2020,Laois,265
24/06/2020,Leitrim,78
24/06/2020,Monaghan,537
24/06/2020,Carlow,175
24/06/2020,Cavan,862
24/06/2020,Clare,369
24/06/2020,Donegal,464
24/06/2020,Kildare,1478
24/06/2020,Kilkenny,354
24/06/2020,Longford,285
24/06/2020,Louth,780
24/06/2020,Mayo,571
24/06/2020,Meath,808
24/06/2020,Offaly,483
24/06/2020,Roscommon,345
24/06/2020,Sligo,125
24/06/2020,Tipperary,543
24/06/2020,Wexford,217
24/06/2020,Kerry,310
24/06/2020,Waterford,156
24/06/2020,Westmeath,672
24/06/2020,Wicklow,697
24/06/2020,Galway,485
24/06/2020,Limerick,583
24/06/2020,Cork,1535
24/06/2020,Dublin,12226
27/06/2020,Laois,265
27/06/2020,Leitrim,78
27/06/2020,Monaghan,538
27/06/2020,Carlow,175
27/06/2020,Cavan,862
27/06/2020,Clare,369
27/06/2020,Donegal,464
27/06/2020,Kildare,1481
27/06/2020,Kilkenny,355
27/06/2020,Longford,286
27/06/2020,Louth,781
27/06/2020,Mayo,571
27/06/2020,Meath,808
27/06/2020,Offaly,483
27/06/2020,Roscommon,345
27/06/2020,Sligo,125
27/06/2020,Tipperary,543
27/06/2020,Wexford,217
27/06/2020,Kerry,310
27/06/2020,Waterford,157
27/06/2020,Westmeath,672
27/06/2020,Wicklow,701
27/06/2020,Galway,485
27/06/2020,Limerick,583
27/06/2020,Cork,1536
27/06/2020,Dublin,12245
28/06/2020,Laois,265
28/06/2020,Leitrim,79
28/06/2020,Monaghan,538
28/06/2020,Carlow,175
28/06/2020,Cavan,862
28/06/2020,Clare,369
28/06/2020,Donegal,465
28/06/2020,Kildare,1487
28/06/2020,Kilkenny,355
28/06/2020,Longford,286
28/06/2020,Louth,781
28/06/2020,Mayo,572
28/06/2020,Meath,808
28/06/2020,Offaly,483
28/06/2020,Roscommon,345
28/06/2020,Sligo,138
28/06/2020,Tipperary,543
28/06/2020,Wexford,217
28/06/2020,Kerry,310
28/06/2020,Waterford,157
28/06/2020,Westmeath,672
28/06/2020,Wicklow,701
28/06/2020,Galway,485
28/06/2020,Limerick,583
28/06/2020,Cork,1536
28/06/2020,Dublin,12250
01/07/2020,Laois,265
01/07/2020,Leitrim,80
01/07/2020,Monaghan,538
01/07/2020,Carlow,175
01/07/2020,Cavan,862
01/07/2020,Clare,368
01/07/2020,Donegal,465
01/07/2020,Kildare,1491
01/07/2020,Kilkenny,355
01/07/2020,Longford,286
01/07/2020,Louth,781
01/07/2020,Mayo,572
01/07/2020,Meath,808
01/07/2020,Offaly,483
01/07/2020,Roscommon,345
01/07/2020,Sligo,141
01/07/2020,Tipperary,543
01/07/2020,Wexford,217
01/07/2020,Kerry,310
01/07/2020,Waterford,158
01/07/2020,Westmeath,673
01/07/2020,Wicklow,699
01/07/2020,Galway,486
01/07/2020,Limerick,586
01/07/2020,Cork,1540
01/07/2020,Dublin,12262
04/07/2020,Laois,265
04/07/2020,Leitrim,82
04/07/2020,Monaghan,538
04/07/2020,Carlow,175
04/07/2020,Cavan,864
04/07/2020,Clare,368
04/07/2020,Donegal,466
04/07/2020,Kildare,1497
04/07/2020,Kilkenny,356
04/07/2020,Longford,287
04/07/2020,Louth,782
04/07/2020,Mayo,572
04/07/2020,Meath,811
04/07/2020,Offaly,486
04/07/2020,Roscommon,346
04/07/2020,Sligo,145
04/07/2020,Tipperary,542
04/07/2020,Wexford,218
04/07/2020,Kerry,310
04/07/2020,Waterford,158
04/07/2020,Westmeath,674
04/07/2020,Wicklow,699
04/07/2020,Galway,486
04/07/2020,Limerick,587
04/07/2020,Cork,1543
04/07/2020,Dublin,12270
05/07/2020,Laois,265
05/07/2020,Leitrim,82
05/07/2020,Monaghan,538
05/07/2020,Carlow,175
05/07/2020,Cavan,864
05/07/2020,Clare,368
05/07/2020,Donegal,466
05/07/2020,Kildare,1498
05/07/2020,Kilkenny,356
05/07/2020,Longford,287
05/07/2020,Louth,782
05/07/2020,Mayo,572
05/07/2020,Meath,811
05/07/2020,Offaly,486
05/07/2020,Roscommon,346
05/07/2020,Sligo,146
05/07/2020,Tipperary,542
05/07/2020,Wexford,218
05/07/2020,Kerry,311
05/07/2020,Waterford,158
05/07/2020,Westmeath,674
05/07/2020,Wicklow,699
05/07/2020,Galway,486
05/07/2020,Limerick,587
05/07/2020,Cork,1542
05/07/2020,Dublin,12255
06/07/2020,Laois,265
06/07/2020,Leitrim,82
06/07/2020,Monaghan,539
06/07/2020,Carlow,175
06/07/2020,Cavan,864
06/07/2020,Clare,368
06/07/2020,Donegal,466
06/07/2020,Kildare,1499
06/07/2020,Kilkenny,356
06/07/2020,Longford,287
06/07/2020,Louth,785
06/07/2020,Mayo,572
06/07/2020,Meath,812
06/07/2020,Offaly,486
06/07/2020,Roscommon,346
06/07/2020,Sligo,146
06/07/2020,Tipperary,543
06/07/2020,Wexford,218
06/07/2020,Kerry,310
06/07/2020,Waterford,160
06/07/2020,Westmeath,674
06/07/2020,Wicklow,698
06/07/2020,Galway,487
06/07/2020,Limerick,587
06/07/2020,Cork,1543
06/07/2020,Dublin,12263
07/07/2020,Laois,265
07/07/2020,Leitrim,82
07/07/2020,Monaghan,539
07/07/2020,Carlow,175
07/07/2020,Cavan,865
07/07/2020,Clare,368
07/07/2020,Donegal,467
07/07/2020,Kildare,1500
07/07/2020,Kilkenny,356
07/07/2020,Longford,287
07/07/2020,Louth,785
07/07/2020,Mayo,572
07/07/2020,Meath,812
07/07/2020,Offaly,486
07/07/2020,Roscommon,346
07/07/2020,Sligo,146
07/07/2020,Tipperary,543
07/07/2020,Wexford,218
07/07/2020,Kerry,310
07/07/2020,Waterford,160
07/07/2020,Westmeath,676
07/07/2020,Wicklow,699
07/07/2020,Galway,487
07/07/2020,Limerick,588
07/07/2020,Cork,1545
07/07/2020,Dublin,12266
08/07/2020,Laois,265
08/07/2020,Leitrim,82
08/07/2020,Monaghan,539
08/07/2020,Carlow,175
08/07/2020,Cavan,865
08/07/2020,Clare,368
08/07/2020,Donegal,468
08/07/2020,Kildare,1503
08/07/2020,Kilkenny,356
08/07/2020,Longford,287
08/07/2020,Louth,785
08/07/2020,Mayo,573
08/07/2020,Meath,812
08/07/2020,Offaly,486
08/07/2020,Roscommon,346
08/07/2020,Sligo,147
08/07/2020,Tipperary,543
08/07/2020,Wexford,218
08/07/2020,Kerry,310
08/07/2020,Waterford,165
08/07/2020,Westmeath,676
08/07/2020,Wicklow,700
08/07/2020,Galway,486
08/07/2020,Limerick,589
08/07/2020,Cork,1545
08/07/2020,Dublin,12275
09/07/2020,Laois,265
09/07/2020,Leitrim,82
09/07/2020,Monaghan,539
09/07/2020,Carlow,176
09/07/2020,Cavan,865
09/07/2020,Clare,368
09/07/2020,Donegal,468
09/07/2020,Kildare,1506
09/07/2020,Kilkenny,356
09/07/2020,Longford,287
09/07/2020,Louth,785
09/07/2020,Mayo,573
09/07/2020,Meath,812
09/07/2020,Offaly,486
09/07/2020,Roscommon,346
09/07/2020,Sligo,148
09/07/2020,Tipperary,543
09/07/2020,Wexford,218
09/07/2020,Kerry,311
09/07/2020,Waterford,165
09/07/2020,Westmeath,676
09/07/2020,Wicklow,702
09/07/2020,Galway,490
09/07/2020,Limerick,589
09/07/2020,Cork,1545
09/07/2020,Dublin,12287
10/07/2020,Laois,265
10/07/2020,Leitrim,82
10/07/2020,Monaghan,539
10/07/2020,Carlow,176
10/07/2020,Cavan,866
10/07/2020,Clare,369
10/07/2020,Donegal,468
10/07/2020,Kildare,1513
10/07/2020,Kilkenny,356
10/07/2020,Longford,287
10/07/2020,Louth,787
10/07/2020,Mayo,573
10/07/2020,Meath,812
10/07/2020,Offaly,486
10/07/2020,Roscommon,346
10/07/2020,Sligo,148
10/07/2020,Tipperary,543
10/07/2020,Wexford,221
10/07/2020,Kerry,311
10/07/2020,Waterford,165
10/07/2020,Westmeath,676
10/07/2020,Wicklow,705
10/07/2020,Galway,489
10/07/2020,Limerick,589
10/07/2020,Cork,1545
10/07/2020,Dublin,12294
11/07/2020,Laois,265
11/07/2020,Leitrim,82
11/07/2020,Monaghan,539
11/07/2020,Carlow,176
11/07/2020,Cavan,865
11/07/2020,Clare,369
11/07/2020,Donegal,468
11/07/2020,Kildare,1513
11/07/2020,Kilkenny,356
11/07/2020,Longford,287
11/07/2020,Louth,787
11/07/2020,Mayo,573
11/07/2020,Meath,812
11/07/2020,Offaly,486
11/07/2020,Roscommon,346
11/07/2020,Sligo,148
11/07/2020,Tipperary,543
11/07/2020,Wexford,221
11/07/2020,Kerry,311
11/07/2020,Waterford,165
11/07/2020,Westmeath,676
11/07/2020,Wicklow,707
11/07/2020,Galway,489
11/07/2020,Limerick,589
11/07/2020,Cork,1546
11/07/2020,Dublin,12308
12/07/2020,Laois,265
12/07/2020,Leitrim,82
12/07/2020,Monaghan,539
12/07/2020,Carlow,176
12/07/2020,Cavan,865
12/07/2020,Clare,369
12/07/2020,Donegal,468
12/07/2020,Kildare,1514
12/07/2020,Kilkenny,356
12/07/2020,Longford,287
12/07/2020,Louth,787
12/07/2020,Mayo,573
12/07/2020,Meath,812
12/07/2020,Offaly,486
12/07/2020,Roscommon,346
12/07/2020,Sligo,148
12/07/2020,Tipperary,543
12/07/2020,Wexford,221
12/07/2020,Kerry,314
12/07/2020,Waterford,165
12/07/2020,Westmeath,676
12/07/2020,Wicklow,708
12/07/2020,Galway,489
12/07/2020,Limerick,589
12/07/2020,Cork,1548
12/07/2020,Dublin,12312
13/07/2020,Laois,265
13/07/2020,Leitrim,82
13/07/2020,Monaghan,540
13/07/2020,Carlow,176
13/07/2020,Cavan,865
13/07/2020,Clare,369
13/07/2020,Donegal,468
13/07/2020,Kildare,1517
13/07/2020,Kilkenny,356
13/07/2020,Longford,287
13/07/2020,Louth,789
13/07/2020,Mayo,573
13/07/2020,Meath,817
13/07/2020,Offaly,486
13/07/2020,Roscommon,346
13/07/2020,Sligo,148
13/07/2020,Tipperary,543
13/07/2020,Wexford,221
13/07/2020,Kerry,316
13/07/2020,Waterford,166
13/07/2020,Westmeath,676
13/07/2020,Wicklow,709
13/07/2020,Galway,489
13/07/2020,Limerick,589
13/07/2020,Cork,1550
13/07/2020,Dublin,12326
14/07/2020,Laois,265
14/07/2020,Leitrim,82
14/07/2020,Monaghan,540
14/07/2020,Carlow,176
14/07/2020,Cavan,866
14/07/2020,Clare,369
14/07/2020,Donegal,469
14/07/2020,Kildare,1517
14/07/2020,Kilkenny,356
14/07/2020,Longford,287
14/07/2020,Louth,789
14/07/2020,Mayo,573
14/07/2020,Meath,817
14/07/2020,Offaly,486
14/07/2020,Roscommon,346
14/07/2020,Sligo,148
14/07/2020,Tipperary,543
14/07/2020,Wexford,222
14/07/2020,Kerry,316
14/07/2020,Waterford,166
14/07/2020,Westmeath,676
14/07/2020,Wicklow,709
14/07/2020,Galway,489
14/07/2020,Limerick,589
14/07/2020,Cork,1550
14/07/2020,Dublin,12331
15/07/2020,Laois,265
15/07/2020,Leitrim,82
15/07/2020,Monaghan,540
15/07/2020,Carlow,177
15/07/2020,Cavan,866
15/07/2020,Clare,369
15/07/2020,Donegal,471
15/07/2020,Kildare,1517
15/07/2020,Kilkenny,356
15/07/2020,Longford,287
15/07/2020,Louth,790
15/07/2020,Mayo,573
15/07/2020,Meath,817
15/07/2020,Offaly,485
15/07/2020,Roscommon,346
15/07/2020,Sligo,148
15/07/2020,Tipperary,543
15/07/2020,Wexford,223
15/07/2020,Kerry,316
15/07/2020,Waterford,166
15/07/2020,Westmeath,676
15/07/2020,Wicklow,709
15/07/2020,Galway,489
15/07/2020,Limerick,589
15/07/2020,Cork,1554
15/07/2020,Dublin,12342
16/07/2020,Laois,265
16/07/2020,Leitrim,83
16/07/2020,Monaghan,540
16/07/2020,Carlow,178
16/07/2020,Cavan,867
16/07/2020,Clare,369
16/07/2020,Donegal,471
16/07/2020,Kildare,1518
16/07/2020,Kilkenny,356
16/07/2020,Longford,287
16/07/2020,Louth,791
16/07/2020,Mayo,573
16/07/2020,Meath,817
16/07/2020,Offaly,486
16/07/2020,Roscommon,346
16/07/2020,Sligo,148
16/07/2020,Tipperary,543
16/07/2020,Wexford,223
16/07/2020,Kerry,316
16/07/2020,Waterford,166
16/07/2020,Westmeath,677
16/07/2020,Wicklow,710
16/07/2020,Galway,489
16/07/2020,Limerick,589
16/07/2020,Cork,1555
16/07/2020,Dublin,12367
17/07/2020,Laois,265
17/07/2020,Leitrim,83
17/07/2020,Monaghan,540
17/07/2020,Carlow,178
17/07/2020,Cavan,867
17/07/2020,Clare,369
17/07/2020,Donegal,471
17/07/2020,Kildare,1518
17/07/2020,Kilkenny,356
17/07/2020,Longford,287
17/07/2020,Louth,791
17/07/2020,Mayo,573
17/07/2020,Meath,817
17/07/2020,Offaly,486
17/07/2020,Roscommon,346
17/07/2020,Sligo,148
17/07/2020,Tipperary,543
17/07/2020,Wexford,223
17/07/2020,Kerry,316
17/07/2020,Waterford,166
17/07/2020,Westmeath,677
17/07/2020,Wicklow,710
17/07/2020,Galway,489
17/07/2020,Limerick,589
17/07/2020,Cork,1555
17/07/2020,Dublin,12367
18/07/2020,Laois,265
18/07/2020,Leitrim,83
18/07/2020,Monaghan,540
18/07/2020,Carlow,178
18/07/2020,Cavan,867
18/07/2020,Clare,369
18/07/2020,Donegal,472
18/07/2020,Kildare,1523
18/07/2020,Kilkenny,356
18/07/2020,Longford,287
18/07/2020,Louth,791
18/07/2020,Mayo,574
18/07/2020,Meath,817
18/07/2020,Offaly,486
18/07/2020,Roscommon,346
18/07/2020,Sligo,148
18/07/2020,Tipperary,543
18/07/2020,Wexford,223
18/07/2020,Kerry,316
18/07/2020,Waterford,166
18/07/2020,Westmeath,677
18/07/2020,Wicklow,710
18/07/2020,Galway,492
18/07/2020,Limerick,589
18/07/2020,Cork,1557
18/07/2020,Dublin,12385
19/07/2020,Laois,266
19/07/2020,Leitrim,83
19/07/2020,Monaghan,540
19/07/2020,Carlow,178
19/07/2020,Cavan,867
19/07/2020,Clare,369
19/07/2020,Donegal,472
19/07/2020,Kildare,1524
19/07/2020,Kilkenny,356
19/07/2020,Longford,287
19/07/2020,Louth,791
19/07/2020,Mayo,574
19/07/2020,Meath,817
19/07/2020,Offaly,486
19/07/2020,Roscommon,346
19/07/2020,Sligo,148
19/07/2020,Tipperary,543
19/07/2020,Wexford,223
19/07/2020,Kerry,316
19/07/2020,Waterford,166
19/07/2020,Westmeath,676
19/07/2020,Wicklow,710
19/07/2020,Galway,492
19/07/2020,Limerick,589
19/07/2020,Cork,1557
19/07/2020,Dublin,12390
20/07/2020,Laois,267
20/07/2020,Leitrim,83
20/07/2020,Monaghan,541
20/07/2020,Carlow,179
20/07/2020,Cavan,867
20/07/2020,Clare,369
20/07/2020,Donegal,472
20/07/2020,Kildare,1525
20/07/2020,Kilkenny,356
20/07/2020,Longford,287
20/07/2020,Louth,791
20/07/2020,Mayo,574
20/07/2020,Meath,822
20/07/2020,Offaly,487
20/07/2020,Roscommon,346
20/07/2020,Sligo,148
20/07/2020,Tipperary,543
20/07/2020,Wexford,223
20/07/2020,Kerry,316
20/07/2020,Waterford,166
20/07/2020,Westmeath,676
20/07/2020,Wicklow,711
20/07/2020,Galway,492
20/07/2020,Limerick,590
20/07/2020,Cork,1560
20/07/2020,Dublin,12411
21/07/2020,Laois,267
21/07/2020,Leitrim,83
21/07/2020,Monaghan,541
21/07/2020,Carlow,179
21/07/2020,Cavan,867
21/07/2020,Clare,369
21/07/2020,Donegal,472
21/07/2020,Kildare,1526
21/07/2020,Kilkenny,356
21/07/2020,Longford,287
21/07/2020,Louth,791
21/07/2020,Mayo,574
21/07/2020,Meath,823
21/07/2020,Offaly,487
21/07/2020,Roscommon,346
21/07/2020,Sligo,148
21/07/2020,Tipperary,543
21/07/2020,Wexford,223
21/07/2020,Kerry,316
21/07/2020,Waterford,166
21/07/2020,Westmeath,677
21/07/2020,Wicklow,712
21/07/2020,Galway,492
21/07/2020,Limerick,591
21/07/2020,Cork,1561
21/07/2020,Dublin,12422
22/07/2020,Laois,267
22/07/2020,Leitrim,83
22/07/2020,Monaghan,541
22/07/2020,Carlow,179
22/07/2020,Cavan,867
22/07/2020,Clare,369
22/07/2020,Donegal,472
22/07/2020,Kildare,1529
22/07/2020,Kilkenny,356
22/07/2020,Longford,287
22/07/2020,Louth,791
22/07/2020,Mayo,575
22/07/2020,Meath,824
22/07/2020,Offaly,487
22/07/2020,Roscommon,346
22/07/2020,Sligo,148
22/07/2020,Tipperary,543
22/07/2020,Wexford,223
22/07/2020,Kerry,316
22/07/2020,Waterford,166
22/07/2020,Westmeath,677
22/07/2020,Wicklow,712
22/07/2020,Galway,492
22/07/2020,Limerick,591
22/07/2020,Cork,1560
22/07/2020,Dublin,12424
23/07/2020,Laois,267
23/07/2020,Leitrim,83
23/07/2020,Monaghan,541
23/07/2020,Carlow,179
23/07/2020,Cavan,867
23/07/2020,Clare,369
23/07/2020,Donegal,472
23/07/2020,Kildare,1532
23/07/2020,Kilkenny,356
23/07/2020,Longford,287
23/07/2020,Louth,792
23/07/2020,Mayo,575
23/07/2020,Meath,824
23/07/2020,Offaly,487
23/07/2020,Roscommon,346
23/07/2020,Sligo,148
23/07/2020,Tipperary,543
23/07/2020,Wexford,223
23/07/2020,Kerry,316
23/07/2020,Waterford,166
23/07/2020,Westmeath,677
23/07/2020,Wicklow,712
23/07/2020,Galway,493
23/07/2020,Limerick,591
23/07/2020,Cork,1560
23/07/2020,Dublin,12439
24/07/2020,Laois,268
24/07/2020,Leitrim,83
24/07/2020,Monaghan,541
24/07/2020,Carlow,179
24/07/2020,Cavan,867
24/07/2020,Clare,372
24/07/2020,Donegal,472
24/07/2020,Kildare,1534
24/07/2020,Kilkenny,356
24/07/2020,Longford,288
24/07/2020,Louth,792
24/07/2020,Mayo,575
24/07/2020,Meath,824
24/07/2020,Offaly,487
24/07/2020,Roscommon,346
24/07/2020,Sligo,148
24/07/2020,Tipperary,544
24/07/2020,Wexford,223
24/07/2020,Kerry,317
24/07/2020,Waterford,166
24/07/2020,Westmeath,677
24/07/2020,Wicklow,712
24/07/2020,Galway,493
24/07/2020,Limerick,591
24/07/2020,Cork,1562
24/07/2020,Dublin,12450
25/07/2020,Laois,268
25/07/2020,Leitrim,83
25/07/2020,Monaghan,541
25/07/2020,Carlow,179
25/07/2020,Cavan,867
25/07/2020,Clare,372
25/07/2020,Donegal,472
25/07/2020,Kildare,1535
25/07/2020,Kilkenny,356
25/07/2020,Longford,288
25/07/2020,Louth,792
25/07/2020,Mayo,576
25/07/2020,Meath,826
25/07/2020,Offaly,487
25/07/2020,Roscommon,346
25/07/2020,Sligo,148
25/07/2020,Tipperary,544
25/07/2020,Wexford,223
25/07/2020,Kerry,317
25/07/2020,Waterford,166
25/07/2020,Westmeath,677
25/07/2020,Wicklow,713
25/07/2020,Galway,493
25/07/2020,Limerick,591
25/07/2020,Cork,1562
25/07/2020,Dublin,12459
26/07/2020,Laois,268
26/07/2020,Leitrim,83
26/07/2020,Monaghan,541
26/07/2020,Carlow,179
26/07/2020,Cavan,867
26/07/2020,Clare,372
26/07/2020,Donegal,472
26/07/2020,Kildare,1538
26/07/2020,Kilkenny,356
26/07/2020,Longford,288
26/07/2020,Louth,792
26/07/2020,Mayo,576
26/07/2020,Meath,825
26/07/2020,Offaly,487
26/07/2020,Roscommon,346
26/07/2020,Sligo,149
26/07/2020,Tipperary,544
26/07/2020,Wexford,223
26/07/2020,Kerry,317
26/07/2020,Waterford,166
26/07/2020,Westmeath,677
26/07/2020,Wicklow,713
26/07/2020,Galway,493
26/07/2020,Limerick,591
26/07/2020,Cork,1563
26/07/2020,Dublin,12464
27/07/2020,Laois,271
27/07/2020,Leitrim,84
27/07/2020,Monaghan,541
27/07/2020,Carlow,179
27/07/2020,Cavan,868
27/07/2020,Clare,380
27/07/2020,Donegal,473
27/07/2020,Kildare,1541
27/07/2020,Kilkenny,356
27/07/2020,Longford,288
27/07/2020,Louth,793
27/07/2020,Mayo,576
27/07/2020,Meath,826
27/07/2020,Offaly,487
27/07/2020,Roscommon,346
27/07/2020,Sligo,149
27/07/2020,Tipperary,544
27/07/2020,Wexford,223
27/07/2020,Kerry,317
27/07/2020,Waterford,166
27/07/2020,Westmeath,678
27/07/2020,Wicklow,713
27/07/2020,Galway,495
27/07/2020,Limerick,591
27/07/2020,Cork,1563
27/07/2020,Dublin,12480
28/07/2020,Laois,273
28/07/2020,Leitrim,84
28/07/2020,Monaghan,541
28/07/2020,Carlow,179
28/07/2020,Cavan,868
28/07/2020,Clare,380
28/07/2020,Donegal,472
28/07/2020,Kildare,1543
28/07/2020,Kilkenny,357
28/07/2020,Longford,288
28/07/2020,Louth,793
28/07/2020,Mayo,576
28/07/2020,Meath,826
28/07/2020,Offaly,487
28/07/2020,Roscommon,346
28/07/2020,Sligo,149
28/07/2020,Tipperary,544
28/07/2020,Wexford,223
28/07/2020,Kerry,317
28/07/2020,Waterford,166
28/07/2020,Westmeath,679
28/07/2020,Wicklow,713
28/07/2020,Galway,495
28/07/2020,Limerick,592
28/07/2020,Cork,1563
28/07/2020,Dublin,12487
29/07/2020,Laois,282
29/07/2020,Leitrim,84
29/07/2020,Monaghan,541
29/07/2020,Carlow,179
29/07/2020,Cavan,870
29/07/2020,Clare,391
29/07/2020,Donegal,473
29/07/2020,Kildare,1572
29/07/2020,Kilkenny,357
29/07/2020,Longford,288
29/07/2020,Louth,793
29/07/2020,Mayo,576
29/07/2020,Meath,829
29/07/2020,Offaly,488
29/07/2020,Roscommon,346
29/07/2020,Sligo,149
29/07/2020,Tipperary,545
29/07/2020,Wexford,224
29/07/2020,Kerry,317
29/07/2020,Waterford,166
29/07/2020,Westmeath,680
29/07/2020,Wicklow,712
29/07/2020,Galway,495
29/07/2020,Limerick,599
29/07/2020,Cork,1566
29/07/2020,Dublin,12505
30/07/2020,Laois,283
30/07/2020,Leitrim,84
30/07/2020,Monaghan,541
30/07/2020,Carlow,179
30/07/2020,Cavan,870
30/07/2020,Clare,391
30/07/2020,Donegal,474
30/07/2020,Kildare,1589
30/07/2020,Kilkenny,357
30/07/2020,Longford,288
30/07/2020,Louth,794
30/07/2020,Mayo,576
30/07/2020,Meath,829
30/07/2020,Offaly,488
30/07/2020,Roscommon,346
30/07/2020,Sligo,149
30/07/2020,Tipperary,545
30/07/2020,Wexford,224
30/07/2020,Kerry,317
30/07/2020,Waterford,166
30/07/2020,Westmeath,680
30/07/2020,Wicklow,712
30/07/2020,Galway,495
30/07/2020,Limerick,600
30/07/2020,Cork,1567
30/07/2020,Dublin,12520
31/07/2020,Laois,286
31/07/2020,Leitrim,84
31/07/2020,Monaghan,542
31/07/2020,Carlow,179
31/07/2020,Cavan,876
31/07/2020,Clare,391
31/07/2020,Donegal,474
31/07/2020,Kildare,1597
31/07/2020,Kilkenny,357
31/07/2020,Longford,288
31/07/2020,Louth,794
31/07/2020,Mayo,583
31/07/2020,Meath,830
31/07/2020,Offaly,491
31/07/2020,Roscommon,346
31/07/2020,Sligo,149
31/07/2020,Tipperary,545
31/07/2020,Wexford,224
31/07/2020,Kerry,317
31/07/2020,Waterford,166
31/07/2020,Westmeath,680
31/07/2020,Wicklow,712
31/07/2020,Galway,498
31/07/2020,Limerick,609
31/07/2020,Cork,1567
31/07/2020,Dublin,12524
01/08/2020,Laois,305
01/08/2020,Leitrim,84
01/08/2020,Monaghan,542
01/08/2020,Carlow,179
01/08/2020,Cavan,876
01/08/2020,Clare,391
01/08/2020,Donegal,476
01/08/2020,Kildare,1603
01/08/2020,Kilkenny,357
01/08/2020,Longford,288
01/08/2020,Louth,794
01/08/2020,Mayo,583
01/08/2020,Meath,830
01/08/2020,Offaly,492
01/08/2020,Roscommon,346
01/08/2020,Sligo,149
01/08/2020,Tipperary,545
01/08/2020,Wexford,224
01/08/2020,Kerry,317
01/08/2020,Waterford,166
01/08/2020,Westmeath,680
01/08/2020,Wicklow,712
01/08/2020,Galway,498
01/08/2020,Limerick,609
01/08/2020,Cork,1567
01/08/2020,Dublin,12549
02/08/2020,Laois,313
02/08/2020,Leitrim,85
02/08/2020,Monaghan,542
02/08/2020,Carlow,179
02/08/2020,Cavan,876
02/08/2020,Clare,399
02/08/2020,Donegal,476
02/08/2020,Kildare,1618
02/08/2020,Kilkenny,357
02/08/2020,Longford,288
02/08/2020,Louth,795
02/08/2020,Mayo,583
02/08/2020,Meath,831
02/08/2020,Offaly,497
02/08/2020,Roscommon,346
02/08/2020,Sligo,150
02/08/2020,Tipperary,545
02/08/2020,Wexford,224
02/08/2020,Kerry,318
02/08/2020,Waterford,166
02/08/2020,Westmeath,681
02/08/2020,Wicklow,712
02/08/2020,Galway,498
02/08/2020,Limerick,610
02/08/2020,Cork,1569
02/08/2020,Dublin,12551
03/08/2020,Laois,314
03/08/2020,Leitrim,85
03/08/2020,Monaghan,542
03/08/2020,Carlow,179
03/08/2020,Cavan,878
03/08/2020,Clare,399
03/08/2020,Donegal,476
03/08/2020,Kildare,1651
03/08/2020,Kilkenny,357
03/08/2020,Longford,288
03/08/2020,Louth,795
03/08/2020,Mayo,583
03/08/2020,Meath,831
03/08/2020,Offaly,497
03/08/2020,Roscommon,346
03/08/2020,Sligo,151
03/08/2020,Tipperary,545
03/08/2020,Wexford,224
03/08/2020,Kerry,318
03/08/2020,Waterford,166
03/08/2020,Westmeath,681
03/08/2020,Wicklow,712
03/08/2020,Galway,498
03/08/2020,Limerick,610
03/08/2020,Cork,1570
03/08/2020,Dublin,12559
04/08/2020,Laois,314
04/08/2020,Leitrim,85
04/08/2020,Monaghan,542
04/08/2020,Carlow,180
04/08/2020,Cavan,878
04/08/2020,Clare,399
04/08/2020,Donegal,481
04/08/2020,Kildare,1661
04/08/2020,Kilkenny,357
04/08/2020,Longford,288
04/08/2020,Louth,796
04/08/2020,Mayo,583
04/08/2020,Meath,834
04/08/2020,Offaly,500
04/08/2020,Roscommon,346
04/08/2020,Sligo,153
04/08/2020,Tipperary,546
04/08/2020,Wexford,235
04/08/2020,Kerry,318
04/08/2020,Waterford,166
04/08/2020,Westmeath,681
04/08/2020,Wicklow,713
04/08/2020,Galway,498
04/08/2020,Limerick,613
04/08/2020,Cork,1572
04/08/2020,Dublin,12564
05/08/2020,Laois,322
05/08/2020,Leitrim,85
05/08/2020,Monaghan,542
05/08/2020,Carlow,180
05/08/2020,Cavan,878
05/08/2020,Clare,401
05/08/2020,Donegal,482
05/08/2020,Kildare,1680
05/08/2020,Kilkenny,357
05/08/2020,Longford,288
05/08/2020,Louth,797
05/08/2020,Mayo,583
05/08/2020,Meath,835
05/08/2020,Offaly,523
05/08/2020,Roscommon,346
05/08/2020,Sligo,153
05/08/2020,Tipperary,546
05/08/2020,Wexford,237
05/08/2020,Kerry,318
05/08/2020,Waterford,166
05/08/2020,Westmeath,681
05/08/2020,Wicklow,713
05/08/2020,Galway,499
05/08/2020,Limerick,616
05/08/2020,Cork,1575
05/08/2020,Dublin,12569
06/08/2020,Laois,326
06/08/2020,Leitrim,85
06/08/2020,Monaghan,543
06/08/2020,Carlow,181
06/08/2020,Cavan,880
06/08/2020,Clare,401
06/08/2020,Donegal,486
06/08/2020,Kildare,1715
06/08/2020,Kilkenny,358
06/08/2020,Longford,288
06/08/2020,Louth,798
06/08/2020,Mayo,583
06/08/2020,Meath,839
06/08/2020,Offaly,550
06/08/2020,Roscommon,346
06/08/2020,Sligo,153
06/08/2020,Tipperary,546
06/08/2020,Wexford,243
06/08/2020,Kerry,318
06/08/2020,Waterford,166
06/08/2020,Westmeath,682
06/08/2020,Wicklow,715
06/08/2020,Galway,499
06/08/2020,Limerick,619
06/08/2020,Cork,1575
06/08/2020,Dublin,12574
07/08/2020,Laois,327
07/08/2020,Leitrim,85
07/08/2020,Monaghan,543
07/08/2020,Carlow,185
07/08/2020,Cavan,881
07/08/2020,Clare,403
07/08/2020,Donegal,487
07/08/2020,Kildare,1825
07/08/2020,Kilkenny,359
07/08/2020,Longford,288
07/08/2020,Louth,799
07/08/2020,Mayo,584
07/08/2020,Meath,845
07/08/2020,Offaly,557
07/08/2020,Roscommon,347
07/08/2020,Sligo,153
07/08/2020,Tipperary,547
07/08/2020,Wexford,244
07/08/2020,Kerry,318
07/08/2020,Waterford,166
07/08/2020,Westmeath,682
07/08/2020,Wicklow,716
07/08/2020,Galway,500
07/08/2020,Limerick,620
07/08/2020,Cork,1582
07/08/2020,Dublin,12601
08/08/2020,Laois,339
08/08/2020,Leitrim,85
08/08/2020,Monaghan,543
08/08/2020,Carlow,185
08/08/2020,Cavan,881
08/08/2020,Clare,403
08/08/2020,Donegal,490
08/08/2020,Kildare,1845
08/08/2020,Kilkenny,359
08/08/2020,Longford,288
08/08/2020,Louth,799
08/08/2020,Mayo,584
08/08/2020,Meath,845
08/08/2020,Offaly,572
08/08/2020,Roscommon,347
08/08/2020,Sligo,153
08/08/2020,Tipperary,546
08/08/2020,Wexford,244
08/08/2020,Kerry,318
08/08/2020,Waterford,166
08/08/2020,Westmeath,682
08/08/2020,Wicklow,716
08/08/2020,Galway,500
08/08/2020,Limerick,620
08/08/2020,Cork,1582
08/08/2020,Dublin,12617
09/08/2020,Laois,341
09/08/2020,Leitrim,85
09/08/2020,Monaghan,543
09/08/2020,Carlow,185
09/08/2020,Cavan,881
09/08/2020,Clare,406
09/08/2020,Donegal,492
09/08/2020,Kildare,1864
09/08/2020,Kilkenny,359
09/08/2020,Longford,288
09/08/2020,Louth,799
09/08/2020,Mayo,584
09/08/2020,Meath,845
09/08/2020,Offaly,583
09/08/2020,Roscommon,347
09/08/2020,Sligo,153
09/08/2020,Tipperary,546
09/08/2020,Wexford,244
09/08/2020,Kerry,320
09/08/2020,Waterford,166
09/08/2020,Westmeath,682
09/08/2020,Wicklow,717
09/08/2020,Galway,501
09/08/2020,Limerick,627
09/08/2020,Cork,1585
09/08/2020,Dublin,12624
10/08/2020,Laois,343
10/08/2020,Leitrim,85
10/08/2020,Monaghan,543
10/08/2020,Carlow,191
10/08/2020,Cavan,882
10/08/2020,Clare,411
10/08/2020,Donegal,495
10/08/2020,Kildare,1862
10/08/2020,Kilkenny,359
10/08/2020,Longford,288
10/08/2020,Louth,800
10/08/2020,Mayo,584
10/08/2020,Meath,849
10/08/2020,Offaly,585
10/08/2020,Roscommon,347
10/08/2020,Sligo,153
10/08/2020,Tipperary,548
10/08/2020,Wexford,245
10/08/2020,Kerry,320
10/08/2020,Waterford,166
10/08/2020,Westmeath,682
10/08/2020,Wicklow,717
10/08/2020,Galway,501
10/08/2020,Limerick,630
10/08/2020,Cork,1587
10/08/2020,Dublin,12625
11/08/2020,Laois,343
11/08/2020,Leitrim,85
11/08/2020,Monaghan,543
11/08/2020,Carlow,191
11/08/2020,Cavan,882
11/08/2020,Clare,412
11/08/2020,Donegal,496
11/08/2020,Kildare,1873
11/08/2020,Kilkenny,361
11/08/2020,Longford,288
11/08/2020,Louth,800
11/08/2020,Mayo,584
11/08/2020,Meath,850
11/08/2020,Offaly,592
11/08/2020,Roscommon,348
11/08/2020,Sligo,153
11/08/2020,Tipperary,548
11/08/2020,Wexford,246
11/08/2020,Kerry,320
11/08/2020,Waterford,166
11/08/2020,Westmeath,682
11/08/2020,Wicklow,718
11/08/2020,Galway,501
11/08/2020,Limerick,632
11/08/2020,Cork,1587
11/08/2020,Dublin,12636
12/08/2020,Laois,345
12/08/2020,Leitrim,85
12/08/2020,Monaghan,545
12/08/2020,Carlow,197
12/08/2020,Cavan,882
12/08/2020,Clare,421
12/08/2020,Donegal,498
12/08/2020,Kildare,1896
12/08/2020,Kilkenny,367
12/08/2020,Longford,288
12/08/2020,Louth,801
12/08/2020,Mayo,584
12/08/2020,Meath,855
12/08/2020,Offaly,594
12/08/2020,Roscommon,348
12/08/2020,Sligo,153
12/08/2020,Tipperary,548
12/08/2020,Wexford,246
12/08/2020,Kerry,321
12/08/2020,Waterford,167
12/08/2020,Westmeath,682
12/08/2020,Wicklow,719
12/08/2020,Galway,501
12/08/2020,Limerick,636
12/08/2020,Cork,1589
12/08/2020,Dublin,12660
13/08/2020,Laois,349
13/08/2020,Leitrim,85
13/08/2020,Monaghan,545
13/08/2020,Carlow,200
13/08/2020,Cavan,882
13/08/2020,Clare,428
13/08/2020,Donegal,501
13/08/2020,Kildare,1909
13/08/2020,Kilkenny,367
13/08/2020,Longford,289
13/08/2020,Louth,802
13/08/2020,Mayo,584
13/08/2020,Meath,856
13/08/2020,Offaly,593
13/08/2020,Roscommon,348
13/08/2020,Sligo,155
13/08/2020,Tipperary,550
13/08/2020,Wexford,247
13/08/2020,Kerry,321
13/08/2020,Waterford,167
13/08/2020,Westmeath,682
13/08/2020,Wicklow,722
13/08/2020,Galway,501
13/08/2020,Limerick,641
13/08/2020,Cork,1592
13/08/2020,Dublin,12675
14/08/2020,Laois,355
14/08/2020,Leitrim,85
14/08/2020,Monaghan,545
14/08/2020,Carlow,204
14/08/2020,Cavan,882
14/08/2020,Clare,430
14/08/2020,Donegal,503
14/08/2020,Kildare,1990
14/08/2020,Kilkenny,372
14/08/2020,Longford,289
14/08/2020,Louth,803
14/08/2020,Mayo,585
14/08/2020,Meath,861
14/08/2020,Offaly,597
14/08/2020,Roscommon,349
14/08/2020,Sligo,155
14/08/2020,Tipperary,563
14/08/2020,Wexford,247
14/08/2020,Kerry,321
14/08/2020,Waterford,168
14/08/2020,Westmeath,682
14/08/2020,Wicklow,723
14/08/2020,Galway,507
14/08/2020,Limerick,649
14/08/2020,Cork,1595
14/08/2020,Dublin,12731
15/08/2020,Laois,358
15/08/2020,Leitrim,85
15/08/2020,Monaghan,549
15/08/2020,Carlow,204
15/08/2020,Cavan,882
15/08/2020,Clare,432
15/08/2020,Donegal,504
15/08/2020,Kildare,2011
15/08/2020,Kilkenny,372
15/08/2020,Longford,289
15/08/2020,Louth,807
15/08/2020,Mayo,585
15/08/2020,Meath,863
15/08/2020,Offaly,599
15/08/2020,Roscommon,350
15/08/2020,Sligo,156
15/08/2020,Tipperary,565
15/08/2020,Wexford,247
15/08/2020,Kerry,321
15/08/2020,Waterford,168
15/08/2020,Westmeath,682
15/08/2020,Wicklow,724
15/08/2020,Galway,507
15/08/2020,Limerick,655
15/08/2020,Cork,1595
15/08/2020,Dublin,12747